0.9689,-0.0334,1.074,0.6202,-0.0008,0.014,0.1153,-9.59E-05,-9.59E-05,0.000191748,-9.59E-05,9.59E-05,9.59E-05,0
0.9677,-0.0334,1.0692,0.6216,-0.0005,0.0147,0.1161,-9.63E-05,-9.55E-05,0.000191747,-9.20E-05,9.59E-05,9.59E-05,0
0.9666,-0.0334,1.0646,0.6229,-0.0003,0.0153,0.1168,-9.90E-05,-9.28E-05,0.000191744,-6.51E-05,9.59E-05,9.59E-05,0
0.9654,-0.0334,1.0595,0.6243,0.0001,0.0159,0.1177,-0.000106343,-8.55E-05,0.000191736,8.16E-06,9.59E-05,9.59E-05,0
0.9643,-0.0334,1.0548,0.6257,0.0003,0.0165,0.1184,-0.00012069,-7.13E-05,0.000191721,0.000150716,9.59E-05,9.59E-05,0
0.963,-0.0334,1.0494,0.6272,0.0007,0.0172,0.1193,-0.000144343,-4.78E-05,0.000191695,0.000385748,9.58E-05,9.58E-05,0
0.9617,-0.0331,1.0441,0.6287,0.001,0.0179,0.1202,-0.000179629,-1.28E-05,0.000191656,0.000736368,9.58E-05,9.58E-05,0
0.9604,-0.0327,1.0387,0.6302,0.0013,0.0186,0.1211,-0.000228874,3.61E-05,0.000191603,0.0012257,9.58E-05,9.58E-05,0
0.959,-0.0324,1.0328,0.6319,0.0017,0.0194,0.1221,-0.000294405,0.000101067,0.000191531,0.00187685,9.58E-05,9.58E-05,0
0.9577,-0.032,1.0272,0.6335,0.002,0.0201,0.123,-0.000378548,0.000184536,0.000191439,0.00271294,9.57E-05,9.57E-05,0
0.9563,-0.0316,1.0214,0.6352,0.0024,0.0208,0.1239,-0.000483629,0.000288776,0.000191325,0.0037571,9.57E-05,9.57E-05,0
0.9548,-0.0313,1.0154,0.6369,0.0028,0.0216,0.125,-0.000611963,0.000416081,0.000191185,0.0050323,9.56E-05,9.56E-05,0
0.9535,-0.0309,1.0101,0.6384,0.0031,0.0223,0.1258,-0.000764548,0.000567444,0.000191018,0.00654848,9.55E-05,9.55E-05,0
0.9522,-0.0306,1.0047,0.6399,0.0034,0.023,0.1267,-0.000940011,0.000741502,0.000190827,0.00829198,9.54E-05,9.54E-05,0
0.951,-0.0303,0.9995,0.6414,0.0038,0.0237,0.1276,-0.00113673,0.000936641,0.000190612,0.0102467,9.53E-05,9.53E-05,0
0.9497,-0.03,0.9944,0.6429,0.0041,0.0243,0.1284,-0.00135307,0.00115125,0.000190376,0.0123964,9.52E-05,9.52E-05,0
0.9483,-0.0296,0.9884,0.6445,0.0044,0.0251,0.1294,-0.00158742,0.00138372,0.000190121,0.014725,9.51E-05,9.51E-05,0
0.947,-0.0293,0.9828,0.6461,0.0048,0.0258,0.1303,-0.00183814,0.00163243,0.000189847,0.0172163,9.49E-05,9.49E-05,0
0.9457,-0.0289,0.9777,0.6476,0.0051,0.0265,0.1312,-0.00210361,0.00189578,0.000189558,0.0198542,9.48E-05,9.48E-05,0
0.9445,-0.0286,0.9725,0.6491,0.0054,0.0271,0.132,-0.00238222,0.00217216,0.000189254,0.0226226,9.46E-05,9.46E-05,0
0.9433,-0.0283,0.9674,0.6505,0.0057,0.0278,0.1329,-0.00267232,0.00245994,0.000188937,0.0255053,9.45E-05,9.45E-05,0
0.9419,-0.0279,0.9617,0.6522,0.0061,0.0285,0.1338,-0.00297231,0.00275752,0.00018861,0.0284861,9.43E-05,9.43E-05,0
0.9406,-0.0276,0.9564,0.6536,0.0064,0.0292,0.1347,-0.00328065,0.00306339,0.000188274,0.03155,9.41E-05,9.41E-05,0
0.9395,-0.0273,0.9517,0.655,0.0067,0.0298,0.1355,-0.00359772,0.00337792,0.000187928,0.0347006,9.40E-05,9.40E-05,0
0.9383,-0.027,0.9467,0.6564,0.007,0.0305,0.1363,-0.00392556,0.00370313,0.000187571,0.0379582,9.38E-05,9.38E-05,0
0.9373,-0.0268,0.9425,0.6576,0.0073,0.031,0.137,-0.00426625,0.0040411,0.000187199,0.0413435,9.36E-05,9.36E-05,0
0.9363,-0.0265,0.9385,0.6587,0.0075,0.0315,0.1377,-0.00462188,0.00439388,0.000186811,0.0448773,9.34E-05,9.34E-05,0
0.9352,-0.0262,0.9341,0.66,0.0078,0.0321,0.1384,-0.00499454,0.00476355,0.000186405,0.0485803,9.32E-05,9.32E-05,0
0.9343,-0.026,0.9302,0.6611,0.008,0.0326,0.139,-0.00538632,0.0051522,0.000185977,0.0524732,9.30E-05,9.30E-05,0
0.9333,-0.0257,0.9261,0.6623,0.0083,0.0331,0.1397,-0.00579931,0.00556188,0.000185527,0.0565769,9.28E-05,9.28E-05,0
0.9323,-0.0255,0.9217,0.6635,0.0086,0.0337,0.1404,-0.00623558,0.00599465,0.000185051,0.0609119,9.25E-05,9.25E-05,0
0.9314,-0.0252,0.918,0.6646,0.0088,0.0342,0.1411,-0.00669492,0.00645031,0.00018455,0.0654762,9.23E-05,9.23E-05,0
0.9304,-0.025,0.9138,0.6658,0.0091,0.0347,0.1417,-0.00717273,0.0069243,0.000184029,0.0702241,9.20E-05,9.20E-05,0
0.9293,-0.0247,0.9095,0.667,0.0093,0.0353,0.1425,-0.00766393,0.00741156,0.000183493,0.0751049,9.17E-05,9.17E-05,0
0.9284,-0.0245,0.9057,0.6681,0.0096,0.0358,0.1431,-0.0081634,0.00790703,0.000182948,0.080068,9.15E-05,9.15E-05,0
0.9273,-0.0242,0.9011,0.6694,0.0098,0.0363,0.1438,-0.00866606,0.00840566,0.0001824,0.0850627,9.12E-05,9.12E-05,0
0.9262,-0.0239,0.8963,0.6707,0.0101,0.037,0.1446,-0.0091668,0.00890239,0.000181854,0.0900383,9.09E-05,9.09E-05,0
0.925,-0.0236,0.8916,0.6721,0.0104,0.0376,0.1454,-0.00966188,0.0093935,0.000181314,0.0949577,9.07E-05,9.07E-05,0
0.9236,-0.0232,0.8859,0.6737,0.0108,0.0383,0.1464,-0.0101521,0.00987977,0.000180779,0.0998285,9.04E-05,9.04E-05,0
0.9223,-0.0229,0.8803,0.6753,0.0111,0.039,0.1473,-0.0106391,0.0103629,0.000180248,0.104668,9.01E-05,9.01E-05,0
0.9211,-0.0226,0.8753,0.6767,0.0114,0.0397,0.1481,-0.0111247,0.0108446,0.000179719,0.109493,8.99E-05,8.99E-05,0
0.9198,-0.0223,0.87,0.6782,0.0118,0.0404,0.149,-0.0116106,0.0113266,0.000179189,0.114321,8.96E-05,8.96E-05,0
0.9187,-0.022,0.8652,0.6796,0.0121,0.041,0.1498,-0.0120985,0.0118106,0.000178656,0.11917,8.93E-05,8.93E-05,0
0.9175,-0.0216,0.8602,0.681,0.0124,0.0416,0.1506,-0.0125899,0.012298,0.000178121,0.124052,8.91E-05,8.91E-05,0
0.9163,-0.0213,0.8551,0.6824,0.0127,0.0423,0.1515,-0.0130844,0.0127886,0.000177581,0.128966,8.88E-05,8.88E-05,0
0.9151,-0.021,0.8503,0.6838,0.013,0.0429,0.1522,-0.0135813,0.0132816,0.000177039,0.133904,8.85E-05,8.85E-05,0
0.9137,-0.0207,0.8447,0.6854,0.0133,0.0436,0.1532,-0.0140798,0.013776,0.000176496,0.138856,8.82E-05,8.82E-05,0
0.9122,-0.0203,0.8381,0.6873,0.0137,0.0445,0.1543,-0.0145789,0.0142711,0.000175951,0.143816,8.80E-05,8.80E-05,0
0.9107,-0.0199,0.8319,0.6891,0.0141,0.0453,0.1553,-0.0150779,0.0147661,0.000175407,0.148774,8.77E-05,8.77E-05,0
0.9094,-0.0196,0.8265,0.6906,0.0145,0.046,0.1562,-0.015576,0.0152602,0.000174864,0.153724,8.74E-05,8.74E-05,0
0.908,-0.0192,0.8209,0.6922,0.0148,0.0467,0.1571,-0.0160732,0.0157535,0.000174321,0.158664,8.72E-05,8.72E-05,0
0.9066,-0.0189,0.8152,0.6938,0.0152,0.0474,0.1581,-0.0165698,0.0162461,0.00017378,0.163599,8.69E-05,8.69E-05,0
0.9053,-0.0185,0.8097,0.6953,0.0155,0.0481,0.159,-0.0170662,0.0167385,0.000173238,0.168531,8.66E-05,8.66E-05,0
0.9039,-0.0182,0.8039,0.697,0.0158,0.0489,0.1599,-0.0175625,0.0172308,0.000172697,0.173463,8.63E-05,8.63E-05,0
0.9027,-0.0178,0.7987,0.6985,0.0162,0.0496,0.1608,-0.0180591,0.0177234,0.000172155,0.178397,8.61E-05,8.61E-05,0
0.9013,-0.0175,0.793,0.7001,0.0165,0.0503,0.1617,-0.0185562,0.0182166,0.000171613,0.183337,8.58E-05,8.58E-05,0
0.9,-0.0171,0.7876,0.7017,0.0169,0.051,0.1626,-0.0190539,0.0187103,0.00017107,0.188282,8.55E-05,8.55E-05,0
0.8987,-0.0168,0.7822,0.7032,0.0172,0.0517,0.1635,-0.019552,0.0192044,0.000170527,0.193232,8.53E-05,8.53E-05,0
0.8973,-0.0165,0.7765,0.7048,0.0175,0.0524,0.1645,-0.0200503,0.0196987,0.000169984,0.198183,8.50E-05,8.50E-05,0
0.8961,-0.0161,0.7712,0.7063,0.0179,0.0531,0.1653,-0.0205488,0.0201932,0.00016944,0.203136,8.47E-05,8.47E-05,0
0.8947,-0.0158,0.7654,0.708,0.0182,0.0539,0.1663,-0.0210472,0.0206876,0.000168896,0.208089,8.44E-05,8.44E-05,0
0.8932,-0.0154,0.7594,0.7097,0.0186,0.0546,0.1673,-0.0215455,0.021182,0.000168353,0.213041,8.42E-05,8.42E-05,0
0.892,-0.0151,0.7544,0.7111,0.0189,0.0553,0.1681,-0.0220437,0.0216762,0.000167809,0.217991,8.39E-05,8.39E-05,0
0.8908,-0.0148,0.7492,0.7126,0.0192,0.0559,0.169,-0.0225418,0.0221702,0.000167266,0.22294,8.36E-05,8.36E-05,0
0.8897,-0.0145,0.7447,0.7138,0.0195,0.0565,0.1697,-0.0230398,0.0226643,0.000166723,0.227889,8.34E-05,8.34E-05,0
0.8887,-0.0142,0.7407,0.715,0.0198,0.057,0.1704,-0.0235378,0.0231583,0.00016618,0.232837,8.31E-05,8.31E-05,0
0.8876,-0.014,0.7361,0.7163,0.02,0.0576,0.1711,-0.0240359,0.0236523,0.000165637,0.237786,8.28E-05,8.28E-05,0
0.8867,-0.0137,0.7321,0.7174,0.0203,0.0581,0.1718,-0.024534,0.0241465,0.000165093,0.242736,8.25E-05,8.25E-05,0
0.8857,-0.0135,0.7281,0.7186,0.0205,0.0587,0.1725,-0.0250322,0.0246407,0.00016455,0.247687,8.23E-05,8.23E-05,0
0.8846,-0.0132,0.7234,0.7199,0.0208,0.0593,0.1732,-0.0255305,0.025135,0.000164006,0.252638,8.20E-05,8.20E-05,0
0.8835,-0.0129,0.7191,0.7211,0.0211,0.0598,0.1739,-0.0260288,0.0256293,0.000163463,0.257589,8.17E-05,8.17E-05,0
0.8824,-0.0126,0.7143,0.7225,0.0214,0.0604,0.1747,-0.0265272,0.0261237,0.000162919,0.262541,8.15E-05,8.15E-05,0
0.881,-0.0123,0.7087,0.7241,0.0217,0.0612,0.1757,-0.0270255,0.026618,0.000162376,0.267493,8.12E-05,8.12E-05,0
0.8798,-0.0119,0.7036,0.7255,0.022,0.0618,0.1765,-0.0275238,0.0271124,0.000161832,0.272445,8.09E-05,8.09E-05,0
0.8785,-0.0116,0.6981,0.7271,0.0224,0.0625,0.1774,-0.0280221,0.0276067,0.000161289,0.277396,8.06E-05,8.06E-05,0
0.8772,-0.0113,0.6927,0.7286,0.0227,0.0632,0.1783,-0.0285204,0.028101,0.000160745,0.282348,8.04E-05,8.04E-05,0
0.8759,-0.0109,0.6874,0.7301,0.023,0.0639,0.1792,-0.0290187,0.0285953,0.000160202,0.287299,8.01E-05,8.01E-05,0
0.8746,-0.0106,0.6818,0.7317,0.0234,0.0646,0.1801,-0.029517,0.0290896,0.000159658,0.29225,7.98E-05,7.98E-05,0
0.8734,-0.0103,0.677,0.7331,0.0237,0.0653,0.1809,-0.0300153,0.0295838,0.000159115,0.297201,7.96E-05,7.96E-05,0
0.8721,-0.01,0.6716,0.7346,0.024,0.066,0.1818,-0.0305135,0.0300781,0.000158571,0.302152,7.93E-05,7.93E-05,0
0.8706,-0.0096,0.6653,0.7364,0.0244,0.0668,0.1828,-0.0310119,0.0305725,0.000158028,0.307104,7.90E-05,7.90E-05,0
0.8691,-0.0092,0.6592,0.7382,0.0248,0.0676,0.1839,-0.0315102,0.0310668,0.000157484,0.312056,7.87E-05,7.87E-05,0
0.8677,-0.0088,0.6534,0.7398,0.0252,0.0683,0.1848,-0.0320085,0.0315611,0.000156941,0.317007,7.85E-05,7.85E-05,0
0.8665,-0.0085,0.6484,0.7412,0.0255,0.069,0.1856,-0.0325068,0.0320554,0.000156397,0.321959,7.82E-05,7.82E-05,0
0.8653,-0.0082,0.6435,0.7426,0.0258,0.0696,0.1865,-0.0330051,0.0325498,0.000155854,0.326911,7.79E-05,7.79E-05,0
0.8642,-0.0079,0.6387,0.744,0.0261,0.0702,0.1872,-0.0335035,0.0330441,0.00015531,0.331862,7.77E-05,7.77E-05,0
0.8632,-0.0077,0.6348,0.7451,0.0263,0.0707,0.1879,-0.0340018,0.0335384,0.000154767,0.336814,7.74E-05,7.74E-05,0
0.8622,-0.0074,0.6303,0.7464,0.0266,0.0713,0.1886,-0.0345001,0.0340328,0.000154223,0.341765,7.71E-05,7.71E-05,0
0.8611,-0.0071,0.6259,0.7476,0.0269,0.0719,0.1894,-0.0349984,0.0345271,0.00015368,0.346717,7.68E-05,7.68E-05,0
0.8601,-0.0069,0.6218,0.7488,0.0271,0.0724,0.19,-0.0354967,0.0350214,0.000153136,0.351669,7.66E-05,7.66E-05,0
0.859,-0.0066,0.6171,0.7501,0.0274,0.073,0.1908,-0.0359951,0.0355157,0.000152593,0.35662,7.63E-05,7.63E-05,0
0.858,-0.0063,0.6131,0.7513,0.0276,0.0735,0.1915,-0.0364934,0.0360101,0.000152049,0.361572,7.60E-05,7.60E-05,0
0.857,-0.0061,0.6088,0.7525,0.0279,0.0741,0.1922,-0.0369917,0.0365044,0.000151506,0.366523,7.58E-05,7.58E-05,0
0.8558,-0.0058,0.604,0.7539,0.0282,0.0747,0.193,-0.03749,0.0369987,0.000150962,0.371475,7.55E-05,7.55E-05,0
0.8548,-0.0055,0.5995,0.7551,0.0285,0.0752,0.1937,-0.0379883,0.0374931,0.000150419,0.376427,7.52E-05,7.52E-05,0
0.8535,-0.0052,0.5943,0.7566,0.0288,0.0759,0.1946,-0.0384867,0.0379874,0.000149875,0.381378,7.49E-05,7.49E-05,0
0.8523,-0.0048,0.5892,0.7581,0.0291,0.0766,0.1954,-0.038985,0.0384817,0.000149332,0.38633,7.47E-05,7.47E-05,0
0.8511,-0.0045,0.5844,0.7594,0.0294,0.0772,0.1962,-0.0394833,0.0389761,0.000148788,0.391282,7.44E-05,7.44E-05,0
0.8499,-0.0042,0.5791,0.7609,0.0297,0.0779,0.1971,-0.0399816,0.0394704,0.000148245,0.396233,7.41E-05,7.41E-05,0
0.8486,-0.0039,0.5741,0.7623,0.0301,0.0785,0.1979,-0.04048,0.0399647,0.000147701,0.401185,7.39E-05,7.39E-05,0
0.8474,-0.0036,0.5689,0.7638,0.0304,0.0792,0.1988,-0.0409783,0.0404591,0.000147158,0.406136,7.36E-05,7.36E-05,0
0.846,-0.0032,0.563,0.7655,0.0307,0.08,0.1998,-0.0414766,0.0409534,0.000146614,0.411088,7.33E-05,7.33E-05,0
0.8447,-0.0029,0.5575,0.7671,0.0311,0.0807,0.2007,-0.0419749,0.0414477,0.000146071,0.41604,7.30E-05,7.30E-05,0
0.8433,-0.0025,0.5519,0.7687,0.0314,0.0814,0.2016,-0.0424733,0.0419421,0.000145527,0.420991,7.28E-05,7.28E-05,0
0.8419,-0.0022,0.5459,0.7704,0.0318,0.0822,0.2026,-0.0429716,0.0424364,0.000144984,0.425943,7.25E-05,7.25E-05,0
0.8405,-0.0018,0.5403,0.7719,0.0321,0.0829,0.2035,-0.0434699,0.0429307,0.00014444,0.430895,7.22E-05,7.22E-05,0
0.8391,-0.0014,0.5344,0.7736,0.0325,0.0837,0.2045,-0.0439682,0.043425,0.000143897,0.435846,7.19E-05,7.19E-05,0
0.8377,-0.0011,0.5286,0.7753,0.0329,0.0844,0.2055,-0.0444665,0.0439194,0.000143353,0.440798,7.17E-05,7.17E-05,0
0.8362,-0.0007,0.5225,0.777,0.0332,0.0852,0.2065,-0.0449649,0.0444137,0.000142809,0.44575,7.14E-05,7.14E-05,0
0.8346,-0.0003,0.5159,0.7789,0.0337,0.086,0.2076,-0.0454632,0.044908,0.000142266,0.450701,7.11E-05,7.11E-05,0
0.8332,0.0001,0.5098,0.7806,0.034,0.0868,0.2086,-0.0459615,0.0454024,0.000141722,0.455653,7.09E-05,7.09E-05,0
0.8317,0.0005,0.5036,0.7824,0.0344,0.0876,0.2096,-0.0464598,0.0458967,0.000141179,0.460605,7.06E-05,7.06E-05,0
0.8302,0.0009,0.4972,0.7842,0.0348,0.0884,0.2106,-0.0469582,0.046391,0.000140635,0.465556,7.03E-05,7.03E-05,0
0.8288,0.0012,0.4918,0.7857,0.0351,0.0891,0.2115,-0.0474565,0.0468854,0.000140092,0.470508,7.00E-05,7.00E-05,0
0.8276,0.0015,0.4866,0.7872,0.0355,0.0898,0.2124,-0.0479548,0.0473797,0.000139548,0.475459,6.98E-05,6.98E-05,0
0.8263,0.0019,0.4812,0.7888,0.0358,0.0905,0.2133,-0.0484531,0.047874,0.000139005,0.480411,6.95E-05,6.95E-05,0
0.8251,0.0022,0.4761,0.7902,0.0361,0.0912,0.2141,-0.0489515,0.0483684,0.000138461,0.485363,6.92E-05,6.92E-05,0
0.8237,0.0025,0.4704,0.7918,0.0365,0.0919,0.2151,-0.0494498,0.0488627,0.000137918,0.490314,6.90E-05,6.90E-05,0
0.8225,0.0028,0.4653,0.7933,0.0368,0.0926,0.2159,-0.0499481,0.049357,0.000137374,0.495266,6.87E-05,6.87E-05,0
0.8213,0.0031,0.4605,0.7946,0.0371,0.0932,0.2167,-0.0504464,0.0498514,0.000136831,0.500218,6.84E-05,6.84E-05,0
0.8202,0.0034,0.4557,0.796,0.0374,0.0938,0.2175,-0.0509448,0.0503457,0.000136287,0.505169,6.81E-05,6.81E-05,0
0.8192,0.0037,0.4515,0.7972,0.0376,0.0943,0.2182,-0.0514431,0.05084,0.000135744,0.510121,6.79E-05,6.79E-05,0
0.8181,0.004,0.4469,0.7985,0.0379,0.0949,0.219,-0.0519414,0.0513344,0.0001352,0.515073,6.76E-05,6.76E-05,0
0.817,0.0043,0.4424,0.7998,0.0382,0.0955,0.2197,-0.0524397,0.0518287,0.000134657,0.520024,6.73E-05,6.73E-05,0
0.816,0.0045,0.4383,0.801,0.0384,0.0961,0.2204,-0.052938,0.052323,0.000134113,0.524976,6.71E-05,6.71E-05,0
0.8148,0.0048,0.4334,0.8024,0.0388,0.0967,0.2212,-0.0534364,0.0528173,0.00013357,0.529927,6.68E-05,6.68E-05,0
0.8136,0.0051,0.4284,0.8038,0.0391,0.0973,0.222,-0.0539347,0.0533117,0.000133026,0.534879,6.65E-05,6.65E-05,0
0.8126,0.0054,0.4241,0.805,0.0393,0.0979,0.2227,-0.054433,0.053806,0.000132483,0.539831,6.62E-05,6.62E-05,0
0.8114,0.0057,0.4192,0.8064,0.0396,0.0985,0.2235,-0.0549313,0.0543003,0.000131939,0.544782,6.60E-05,6.60E-05,0
0.8103,0.006,0.4146,0.8077,0.0399,0.0991,0.2243,-0.0554297,0.0547947,0.000131396,0.549734,6.57E-05,6.57E-05,0
0.8091,0.0063,0.4098,0.8091,0.0402,0.0997,0.2251,-0.055928,0.055289,0.000130852,0.554686,6.54E-05,6.54E-05,0
0.8078,0.0066,0.4042,0.8106,0.0406,0.1004,0.226,-0.0564263,0.0557833,0.000130309,0.559637,6.52E-05,6.52E-05,0
0.8065,0.0069,0.399,0.8121,0.0409,0.1011,0.2269,-0.0569246,0.0562777,0.000129765,0.564589,6.49E-05,6.49E-05,0
0.8054,0.0072,0.3943,0.8135,0.0412,0.1017,0.2277,-0.057423,0.056772,0.000129222,0.569541,6.46E-05,6.46E-05,0
0.8042,0.0076,0.3892,0.8149,0.0415,0.1024,0.2285,-0.0579213,0.0572663,0.000128678,0.574492,6.43E-05,6.43E-05,0
0.8029,0.0079,0.3839,0.8164,0.0418,0.1031,0.2294,-0.0584196,0.0577607,0.000128135,0.579444,6.41E-05,6.41E-05,0
0.8017,0.0082,0.3789,0.8178,0.0421,0.1037,0.2302,-0.0589179,0.058255,0.000127591,0.584396,6.38E-05,6.38E-05,0
0.8003,0.0085,0.3733,0.8194,0.0425,0.1044,0.2311,-0.0594163,0.0587493,0.000127048,0.589347,6.35E-05,6.35E-05,0
0.7991,0.0089,0.368,0.821,0.0428,0.1051,0.232,-0.0599146,0.0592437,0.000126504,0.594299,6.33E-05,6.33E-05,0
0.7978,0.0092,0.3627,0.8225,0.0431,0.1058,0.2329,-0.0604129,0.059738,0.00012596,0.599251,6.30E-05,6.30E-05,0
0.7964,0.0096,0.3569,0.8241,0.0435,0.1065,0.2338,-0.0609112,0.0602323,0.000125417,0.604202,6.27E-05,6.27E-05,0
0.7951,0.0099,0.3516,0.8256,0.0438,0.1072,0.2347,-0.0614095,0.0607267,0.000124873,0.609154,6.24E-05,6.24E-05,0
0.794,0.0102,0.3468,0.827,0.0441,0.1079,0.2355,-0.0619079,0.061221,0.00012433,0.614105,6.22E-05,6.22E-05,0
0.7927,0.0105,0.3417,0.8284,0.0444,0.1085,0.2364,-0.0624062,0.0617153,0.000123786,0.619057,6.19E-05,6.19E-05,0
0.7917,0.0108,0.3373,0.8297,0.0447,0.1091,0.2371,-0.0629045,0.0622097,0.000123243,0.624009,6.16E-05,6.16E-05,0
0.7905,0.0111,0.3325,0.831,0.045,0.1097,0.2379,-0.0634028,0.062704,0.000122699,0.62896,6.13E-05,6.13E-05,0
0.7893,0.0114,0.3276,0.8324,0.0453,0.1103,0.2387,-0.0639012,0.0631983,0.000122156,0.633912,6.11E-05,6.11E-05,0
0.7882,0.0117,0.3228,0.8338,0.0456,0.111,0.2395,-0.0643995,0.0636926,0.000121612,0.638864,6.08E-05,6.08E-05,0
0.7868,0.012,0.3169,0.8355,0.046,0.1117,0.2405,-0.0648978,0.064187,0.000121069,0.643815,6.05E-05,6.05E-05,0
0.7852,0.0124,0.3105,0.8373,0.0463,0.1125,0.2415,-0.0653961,0.0646813,0.000120525,0.648767,6.03E-05,6.03E-05,0
0.7839,0.0128,0.3048,0.8389,0.0467,0.1133,0.2425,-0.0658945,0.0651756,0.000119982,0.653719,6.00E-05,6.00E-05,0
0.7827,0.0131,0.3,0.8403,0.047,0.1139,0.2432,-0.0663928,0.06567,0.000119438,0.65867,5.97E-05,5.97E-05,0
0.7816,0.0134,0.2952,0.8417,0.0473,0.1145,0.244,-0.0668911,0.0661643,0.000118895,0.663622,5.94E-05,5.94E-05,0
0.7803,0.0137,0.2902,0.8431,0.0476,0.1152,0.2449,-0.0673894,0.0666586,0.000118351,0.668574,5.92E-05,5.92E-05,0
0.7792,0.014,0.2855,0.8444,0.0479,0.1158,0.2456,-0.0678878,0.067153,0.000117808,0.673525,5.89E-05,5.89E-05,0
0.7779,0.0143,0.2799,0.846,0.0482,0.1165,0.2466,-0.0683861,0.0676473,0.000117264,0.678477,5.86E-05,5.86E-05,0
0.7763,0.0147,0.2734,0.8478,0.0486,0.1173,0.2477,-0.0688844,0.0681416,0.000116721,0.683428,5.84E-05,5.84E-05,0
0.7749,0.0151,0.2675,0.8495,0.049,0.1181,0.2486,-0.0693827,0.068636,0.000116177,0.68838,5.81E-05,5.81E-05,0
0.7737,0.0154,0.2624,0.851,0.0493,0.1187,0.2495,-0.069881,0.0691303,0.000115634,0.693332,5.78E-05,5.78E-05,0
0.7725,0.0157,0.2574,0.8524,0.0496,0.1194,0.2503,-0.0703794,0.0696246,0.00011509,0.698283,5.75E-05,5.75E-05,0
0.7713,0.016,0.2524,0.8538,0.0499,0.12,0.2511,-0.0708777,0.070119,0.000114547,0.703235,5.73E-05,5.73E-05,0
0.7702,0.0163,0.2478,0.8551,0.0502,0.1206,0.2519,-0.071376,0.0706133,0.000114003,0.708187,5.70E-05,5.70E-05,0
0.7689,0.0167,0.2426,0.8566,0.0505,0.1213,0.2528,-0.0718743,0.0711076,0.00011346,0.713138,5.67E-05,5.67E-05,0
0.7675,0.017,0.237,0.8582,0.0509,0.122,0.2537,-0.0723727,0.071602,0.000112916,0.71809,5.65E-05,5.65E-05,0
0.7664,0.0173,0.2322,0.8596,0.0512,0.1226,0.2545,-0.072871,0.0720963,0.000112373,0.723042,5.62E-05,5.62E-05,0
0.7653,0.0176,0.2277,0.8608,0.0515,0.1232,0.2552,-0.0733693,0.0725906,0.000111829,0.727993,5.59E-05,5.59E-05,0
0.7642,0.0179,0.223,0.8622,0.0518,0.1238,0.256,-0.0738676,0.073085,0.000111286,0.732945,5.56E-05,5.56E-05,0
0.7632,0.0181,0.2191,0.8633,0.052,0.1243,0.2566,-0.074366,0.0735793,0.000110742,0.737897,5.54E-05,5.54E-05,0
0.7622,0.0184,0.2148,0.8645,0.0523,0.1249,0.2573,-0.0748643,0.0740736,0.000110199,0.742848,5.51E-05,5.51E-05,0
0.7612,0.0186,0.2105,0.8657,0.0525,0.1254,0.2581,-0.0753626,0.0745679,0.000109655,0.7478,5.48E-05,5.48E-05,0
0.7602,0.0189,0.2066,0.8668,0.0528,0.1259,0.2587,-0.0758609,0.0750623,0.000109111,0.752751,5.46E-05,5.46E-05,0
0.7592,0.0192,0.2022,0.8681,0.053,0.1265,0.2594,-0.0763593,0.0755566,0.000108568,0.757703,5.43E-05,5.43E-05,0
0.7582,0.0194,0.198,0.8693,0.0533,0.127,0.2601,-0.0768576,0.0760509,0.000108024,0.762655,5.40E-05,5.40E-05,0
0.7572,0.0197,0.1941,0.8704,0.0535,0.1276,0.2608,-0.0773559,0.0765453,0.000107481,0.767606,5.37E-05,5.37E-05,0
0.7562,0.0199,0.1897,0.8716,0.0538,0.1281,0.2615,-0.0778542,0.0770396,0.000106937,0.772558,5.35E-05,5.35E-05,0
0.7553,0.0202,0.186,0.8727,0.054,0.1286,0.2621,-0.0783525,0.0775339,0.000106394,0.77751,5.32E-05,5.32E-05,0
0.7544,0.0204,0.1824,0.8737,0.0543,0.1291,0.2627,-0.0788509,0.0780283,0.00010585,0.782461,5.29E-05,5.29E-05,0
0.7534,0.0207,0.178,0.875,0.0545,0.1296,0.2634,-0.0793492,0.0785226,0.000105307,0.787413,5.27E-05,5.27E-05,0
0.7524,0.0209,0.1739,0.8761,0.0548,0.1302,0.2641,-0.0798475,0.0790169,0.000104763,0.792365,5.24E-05,5.24E-05,0
0.7514,0.0212,0.1697,0.8773,0.055,0.1307,0.2648,-0.0803458,0.0795113,0.00010422,0.797316,5.21E-05,5.21E-05,0
0.7503,0.0215,0.1651,0.8786,0.0553,0.1313,0.2656,-0.0808442,0.0800056,0.000103676,0.802268,5.18E-05,5.18E-05,0
0.7493,0.0217,0.161,0.8798,0.0556,0.1318,0.2662,-0.0813425,0.0804999,0.000103133,0.80722,5.16E-05,5.16E-05,0
0.7482,0.022,0.1564,0.8811,0.0559,0.1324,0.267,-0.0818408,0.0809943,0.000102589,0.812171,5.13E-05,5.13E-05,0
0.747,0.0223,0.1515,0.8825,0.0562,0.1331,0.2678,-0.0823391,0.0814886,0.000102046,0.817123,5.10E-05,5.10E-05,0
0.7458,0.0226,0.1465,0.8839,0.0565,0.1337,0.2686,-0.0828375,0.0819829,0.000101502,0.822074,5.08E-05,5.08E-05,0
0.7444,0.023,0.1407,0.8856,0.0568,0.1344,0.2696,-0.0833358,0.0824773,0.000100959,0.827026,5.05E-05,5.05E-05,0
0.7431,0.0233,0.1353,0.8871,0.0572,0.1351,0.2705,-0.0838341,0.0829716,0.000100415,0.831978,5.02E-05,5.02E-05,0
0.7418,0.0236,0.1298,0.8887,0.0575,0.1359,0.2714,-0.0843324,0.0834659,9.99E-05,0.836929,4.99E-05,4.99E-05,0
0.7404,0.024,0.1241,0.8903,0.0579,0.1366,0.2723,-0.0848308,0.0839602,9.93E-05,0.841881,4.97E-05,4.97E-05,0
0.739,0.0244,0.1183,0.8919,0.0582,0.1373,0.2733,-0.0853291,0.0844546,9.88E-05,0.846833,4.94E-05,4.94E-05,0
0.7374,0.0248,0.1118,0.8938,0.0586,0.1382,0.2744,-0.0858274,0.0849489,9.82E-05,0.851784,4.91E-05,4.91E-05,0
0.7361,0.0251,0.1061,0.8954,0.059,0.1389,0.2753,-0.0863257,0.0854432,9.77E-05,0.856736,4.88E-05,4.88E-05,0
0.7347,0.0255,0.1005,0.897,0.0593,0.1396,0.2762,-0.086824,0.0859376,9.72E-05,0.861688,4.86E-05,4.86E-05,0
0.7334,0.0258,0.0948,0.8986,0.0597,0.1404,0.2772,-0.0873224,0.0864319,9.66E-05,0.866639,4.83E-05,4.83E-05,0
0.7321,0.0261,0.0896,0.9001,0.06,0.141,0.2781,-0.0878207,0.0869262,9.61E-05,0.871591,4.80E-05,4.80E-05,0
0.7308,0.0265,0.084,0.9017,0.0603,0.1418,0.279,-0.088319,0.0874206,9.55E-05,0.876543,4.78E-05,4.78E-05,0
0.7296,0.0268,0.0792,0.9031,0.0606,0.1424,0.2798,-0.0888173,0.0879149,9.50E-05,0.881494,4.75E-05,4.75E-05,0
0.7285,0.0271,0.0746,0.9044,0.0609,0.143,0.2805,-0.0893157,0.0884092,9.44E-05,0.886446,4.72E-05,4.72E-05,0
0.7274,0.0274,0.0699,0.9057,0.0612,0.1436,0.2813,-0.089814,0.0889036,9.39E-05,0.891397,4.69E-05,4.69E-05,0
0.7264,0.0276,0.0659,0.9068,0.0615,0.1441,0.282,-0.0903123,0.0893979,9.33E-05,0.896349,4.67E-05,4.67E-05,0
0.7254,0.0279,0.0616,0.9081,0.0617,0.1446,0.2827,-0.0908106,0.0898922,9.28E-05,0.901301,4.64E-05,4.64E-05,0
0.7244,0.0281,0.0574,0.9093,0.062,0.1452,0.2834,-0.091309,0.0903866,9.23E-05,0.906252,4.61E-05,4.61E-05,0
0.7235,0.0284,0.0539,0.9103,0.0622,0.1456,0.284,-0.0918073,0.0908809,9.17E-05,0.911204,4.59E-05,4.59E-05,0
0.7225,0.0286,0.0498,0.9114,0.0625,0.1462,0.2846,-0.0923056,0.0913752,9.12E-05,0.916156,4.56E-05,4.56E-05,0
0.7216,0.0288,0.046,0.9125,0.0627,0.1467,0.2853,-0.0928039,0.0918696,9.06E-05,0.921107,4.53E-05,4.53E-05,0
0.7208,0.029,0.0428,0.9134,0.0629,0.1471,0.2858,-0.0933023,0.0923639,9.01E-05,0.926059,4.50E-05,4.50E-05,0
0.7199,0.0293,0.0389,0.9145,0.0631,0.1476,0.2864,-0.0938006,0.0928582,8.95E-05,0.931011,4.48E-05,4.48E-05,0
0.7189,0.0295,0.0348,0.9157,0.0634,0.1481,0.2871,-0.0942989,0.0933526,8.90E-05,0.935962,4.45E-05,4.45E-05,0
0.718,0.0298,0.0311,0.9168,0.0636,0.1486,0.2877,-0.0947972,0.0938469,8.85E-05,0.940914,4.42E-05,4.42E-05,0
0.717,0.03,0.0268,0.918,0.0639,0.1491,0.2884,-0.0952955,0.0943412,8.79E-05,0.945866,4.40E-05,4.40E-05,0
0.7159,0.0303,0.0224,0.9192,0.0642,0.1497,0.2892,-0.0957939,0.0948355,8.74E-05,0.950817,4.37E-05,4.37E-05,0
0.7149,0.0306,0.0183,0.9204,0.0644,0.1502,0.2898,-0.0962922,0.0953299,8.68E-05,0.955769,4.34E-05,4.34E-05,0
0.7137,0.0309,0.0132,0.9218,0.0647,0.1509,0.2907,-0.0967905,0.0958242,8.63E-05,0.96072,4.31E-05,4.31E-05,0
0.7125,0.0312,0.008,0.9233,0.065,0.1516,0.2915,-0.0972888,0.0963185,8.57E-05,0.965672,4.29E-05,4.29E-05,0
0.7112,0.0315,0.0027,0.9248,0.0654,0.1522,0.2924,-0.0977872,0.0968129,8.52E-05,0.970624,4.26E-05,4.26E-05,0
0.7098,0.0319,-0.0031,0.9265,0.0657,0.153,0.2934,-0.0982855,0.0973072,8.47E-05,0.975575,4.23E-05,4.23E-05,0
0.7086,0.0322,-0.0082,0.9279,0.066,0.1537,0.2942,-0.0987838,0.0978015,8.41E-05,0.980527,4.21E-05,4.21E-05,0
0.7073,0.0325,-0.0136,0.9294,0.0664,0.1543,0.2951,-0.0992821,0.0982959,8.36E-05,0.985479,4.18E-05,4.18E-05,0
0.7059,0.0329,-0.0192,0.931,0.0667,0.1551,0.296,-0.0997805,0.0987902,8.30E-05,0.99043,4.15E-05,4.15E-05,0
0.7047,0.0332,-0.0242,0.9325,0.067,0.1557,0.2969,-0.100279,0.0992845,8.25E-05,0.995382,4.12E-05,4.12E-05,0
0.7035,0.0335,-0.0294,0.9339,0.0674,0.1564,0.2977,-0.100777,0.0997789,8.19E-05,1.00033,4.10E-05,4.10E-05,0
0.7021,0.0339,-0.0349,0.9355,0.0677,0.1571,0.2986,-0.101275,0.100273,8.14E-05,1.00529,4.07E-05,4.07E-05,0
0.7009,0.0342,-0.0401,0.937,0.068,0.1578,0.2995,-0.101774,0.100768,8.08E-05,1.01024,4.04E-05,4.04E-05,0
0.6996,0.0345,-0.0456,0.9386,0.0684,0.1585,0.3004,-0.102272,0.101262,8.03E-05,1.01519,4.02E-05,4.02E-05,0
0.6982,0.0349,-0.0511,0.9401,0.0687,0.1592,0.3013,-0.10277,0.101756,7.98E-05,1.02014,3.99E-05,3.99E-05,0
0.697,0.0352,-0.0563,0.9416,0.069,0.1599,0.3022,-0.103269,0.102251,7.92E-05,1.02509,3.96E-05,3.96E-05,0
0.6956,0.0355,-0.0621,0.9432,0.0694,0.1606,0.3031,-0.103767,0.102745,7.87E-05,1.03004,3.93E-05,3.93E-05,0
0.6941,0.0359,-0.0683,0.945,0.0698,0.1614,0.3042,-0.104265,0.103239,7.81E-05,1.035,3.91E-05,3.91E-05,0
0.6941,0.0359,-0.0683,0.945,0.0698,0.1614,0.3042,-0.104265,0.103734,7.76E-05,1.03995,3.88E-05,3.88E-05,0
0.6941,0.0359,-0.0683,0.945,0.0698,0.1614,0.3042,-0.104265,0.104228,7.70E-05,1.0449,3.85E-05,3.85E-05,0
0.6941,0.0359,-0.0683,0.945,0.0698,0.1614,0.3042,-0.104265,0.104722,7.65E-05,1.04985,3.83E-05,3.83E-05,0
0.6941,0.0359,-0.0683,0.945,0.0698,0.1614,0.3042,-0.104265,0.105217,7.60E-05,1.0548,3.80E-05,3.80E-05,0
0.6941,0.0359,-0.0683,0.945,0.0698,0.1614,0.3042,-0.104265,0.105711,7.54E-05,1.05975,3.77E-05,3.77E-05,0
0.6941,0.0359,-0.0683,0.945,0.0698,0.1614,0.3042,-0.104265,0.106205,7.49E-05,1.0647,3.74E-05,3.74E-05,0
0.6941,0.0359,-0.0683,0.945,0.0698,0.1614,0.3042,-0.104265,0.1067,7.43E-05,1.06966,3.72E-05,3.72E-05,0
0.6941,0.0359,-0.0683,0.945,0.0698,0.1614,0.3042,-0.104265,0.107194,7.38E-05,1.07461,3.69E-05,3.69E-05,0
0.6941,0.0359,-0.0683,0.945,0.0698,0.1614,0.3042,-0.104265,0.107688,7.32E-05,1.07956,3.66E-05,3.66E-05,0
0.6941,0.0359,-0.0683,0.945,0.0698,0.1614,0.3042,-0.104265,0.108183,7.27E-05,1.08451,3.63E-05,3.63E-05,0
0.6941,0.0359,-0.0683,0.945,0.0698,0.1614,0.3042,-0.104265,0.108677,7.22E-05,1.08946,3.61E-05,3.61E-05,0
0.6941,0.0359,-0.0683,0.945,0.0698,0.1614,0.3042,-0.104265,0.109171,7.16E-05,1.09441,3.58E-05,3.58E-05,0
0.6941,0.0359,-0.0683,0.945,0.0698,0.1614,0.3042,-0.104265,0.109666,7.11E-05,1.09937,3.55E-05,3.55E-05,0
0.6941,0.0359,-0.0683,0.945,0.0698,0.1614,0.3042,-0.104265,0.11016,7.05E-05,1.10432,3.53E-05,3.53E-05,0
0.6941,0.0359,-0.0683,0.945,0.0698,0.1614,0.3042,-0.104265,0.110654,7.00E-05,1.10927,3.50E-05,3.50E-05,0
0.6941,0.0359,-0.0683,0.945,0.0698,0.1614,0.3042,-0.104265,0.111148,6.94E-05,1.11422,3.47E-05,3.47E-05,0
0.6941,0.0359,-0.0683,0.945,0.0698,0.1614,0.3042,-0.104265,0.111643,6.89E-05,1.11917,3.44E-05,3.44E-05,0
0.6941,0.0359,-0.0683,0.945,0.0698,0.1614,0.3042,-0.104265,0.112137,6.83E-05,1.12412,3.42E-05,3.42E-05,0
0.6941,0.0359,-0.0683,0.945,0.0698,0.1614,0.3042,-0.104265,0.112631,6.78E-05,1.12908,3.39E-05,3.39E-05,0
0.6941,0.0359,-0.0683,0.945,0.0698,0.1614,0.3042,-0.104265,0.113126,6.73E-05,1.13403,3.36E-05,3.36E-05,0
0.6941,0.0359,-0.0683,0.945,0.0698,0.1614,0.3042,-0.104265,0.11362,6.67E-05,1.13898,3.34E-05,3.34E-05,0
0.6941,0.0359,-0.0683,0.945,0.0698,0.1614,0.3042,-0.104265,0.114114,6.62E-05,1.14393,3.31E-05,3.31E-05,0
0.6941,0.0359,-0.0683,0.945,0.0698,0.1614,0.3042,-0.104265,0.114609,6.56E-05,1.14888,3.28E-05,3.28E-05,0
0.6941,0.0359,-0.0683,0.945,0.0698,0.1614,0.3042,-0.104265,0.115103,6.51E-05,1.15383,3.25E-05,3.25E-05,0
0.6941,0.0359,-0.0683,0.945,0.0698,0.1614,0.3042,-0.104265,0.115597,6.45E-05,1.15879,3.23E-05,3.23E-05,0
0.6941,0.0359,-0.0683,0.945,0.0698,0.1614,0.3042,-0.104265,0.116092,6.40E-05,1.16374,3.20E-05,3.20E-05,0
0.6941,0.0359,-0.0683,0.945,0.0698,0.1614,0.3042,-0.104265,0.116586,6.35E-05,1.16869,3.17E-05,3.17E-05,0
0.6941,0.0359,-0.0683,0.945,0.0698,0.1614,0.3042,-0.104265,0.11708,6.29E-05,1.17364,3.15E-05,3.15E-05,0
0.6941,0.0359,-0.0683,0.945,0.0698,0.1614,0.3042,-0.104265,0.117575,6.24E-05,1.17859,3.12E-05,3.12E-05,0
0.6941,0.0359,-0.0683,0.945,0.0698,0.1614,0.3042,-0.104265,0.118069,6.18E-05,1.18354,3.09E-05,3.09E-05,0
0.6941,0.0359,-0.0683,0.945,0.0698,0.1614,0.3042,-0.104265,0.118563,6.13E-05,1.1885,3.06E-05,3.06E-05,0
0.6941,0.0359,-0.0683,0.945,0.0698,0.1614,0.3042,-0.104265,0.119058,6.07E-05,1.19345,3.04E-05,3.04E-05,0
0.6941,0.0359,-0.0683,0.945,0.0698,0.1614,0.3042,-0.104265,0.119552,6.02E-05,1.1984,3.01E-05,3.01E-05,0
0.6941,0.0359,-0.0683,0.945,0.0698,0.1614,0.3042,-0.104265,0.120046,5.97E-05,1.20335,2.98E-05,2.98E-05,0
0.6941,0.0359,-0.0683,0.945,0.0698,0.1614,0.3042,-0.104265,0.120541,5.91E-05,1.2083,2.96E-05,2.96E-05,0
0.6941,0.0359,-0.0683,0.945,0.0698,0.1614,0.3042,-0.104265,0.121035,5.86E-05,1.21325,2.93E-05,2.93E-05,0
0.6941,0.0359,-0.0683,0.945,0.0698,0.1614,0.3042,-0.104265,0.121529,5.80E-05,1.21821,2.90E-05,2.90E-05,0
0.6941,0.0359,-0.0683,0.945,0.0698,0.1614,0.3042,-0.104265,0.122024,5.75E-05,1.22316,2.87E-05,2.87E-05,0
0.6941,0.0359,-0.0683,0.945,0.0698,0.1614,0.3042,-0.104265,0.122518,5.69E-05,1.22811,2.85E-05,2.85E-05,0
0.6941,0.0359,-0.0683,0.945,0.0698,0.1614,0.3042,-0.104265,0.123012,5.64E-05,1.23306,2.82E-05,2.82E-05,0
0.6941,0.0359,-0.0683,0.945,0.0698,0.1614,0.3042,-0.104265,0.123507,5.58E-05,1.23801,2.79E-05,2.79E-05,0
0.6941,0.0359,-0.0683,0.945,0.0698,0.1614,0.3042,-0.104265,0.124001,5.53E-05,1.24296,2.77E-05,2.77E-05,0
0.6941,0.0359,-0.0683,0.945,0.0698,0.1614,0.3042,-0.104265,0.124495,5.48E-05,1.24792,2.74E-05,2.74E-05,0
0.6941,0.0359,-0.0683,0.945,0.0698,0.1614,0.3042,-0.104265,0.12499,5.42E-05,1.25287,2.71E-05,2.71E-05,0
0.6941,0.0359,-0.0683,0.945,0.0698,0.1614,0.3042,-0.104265,0.125484,5.37E-05,1.25782,2.68E-05,2.68E-05,0
0.6941,0.0359,-0.0683,0.945,0.0698,0.1614,0.3042,-0.104265,0.125978,5.31E-05,1.26277,2.66E-05,2.66E-05,0
0.6941,0.0359,-0.0683,0.945,0.0698,0.1614,0.3042,-0.104265,0.126473,5.26E-05,1.26772,2.63E-05,2.63E-05,0
0.6941,0.0359,-0.0683,0.945,0.0698,0.1614,0.3042,-0.104265,0.126967,5.20E-05,1.27267,2.60E-05,2.60E-05,0
0.6941,0.0359,-0.0683,0.945,0.0698,0.1614,0.3042,-0.104265,0.127461,5.15E-05,1.27763,2.57E-05,2.57E-05,0
0.6941,0.0359,-0.0683,0.945,0.0698,0.1614,0.3042,-0.104265,0.127956,5.10E-05,1.28258,2.55E-05,2.55E-05,0
0.6941,0.0359,-0.0683,0.945,0.0698,0.1614,0.3042,-0.104265,0.12845,5.04E-05,1.28753,2.52E-05,2.52E-05,0
0.6941,0.0359,-0.0683,0.945,0.0698,0.1614,0.3042,-0.104265,0.128944,4.99E-05,1.29248,2.49E-05,2.49E-05,0
0.6941,0.0359,-0.0683,0.945,0.0698,0.1614,0.3042,-0.104265,0.129439,4.93E-05,1.29743,2.47E-05,2.47E-05,0
0.6941,0.0359,-0.0683,0.945,0.0698,0.1614,0.3042,-0.104265,0.129933,4.88E-05,1.30238,2.44E-05,2.44E-05,0
0.6941,0.0359,-0.0683,0.945,0.0698,0.1614,0.3042,-0.104265,0.130427,4.82E-05,1.30734,2.41E-05,2.41E-05,0
0.6941,0.0359,-0.0683,0.945,0.0698,0.1614,0.3042,-0.104265,0.130922,4.77E-05,1.31229,2.38E-05,2.38E-05,0
0.6941,0.0359,-0.0683,0.945,0.0698,0.1614,0.3042,-0.104265,0.131416,4.72E-05,1.31724,2.36E-05,2.36E-05,0
0.6941,0.0359,-0.0683,0.945,0.0698,0.1614,0.3042,-0.104265,0.13191,4.66E-05,1.32219,2.33E-05,2.33E-05,0
0.6941,0.0359,-0.0683,0.945,0.0698,0.1614,0.3042,-0.104265,0.132405,4.61E-05,1.32714,2.30E-05,2.30E-05,0
0.6941,0.0359,-0.0683,0.945,0.0698,0.1614,0.3042,-0.104265,0.132899,4.55E-05,1.33209,2.28E-05,2.28E-05,0
0.6941,0.0359,-0.0683,0.945,0.0698,0.1614,0.3042,-0.104265,0.133393,4.50E-05,1.33705,2.25E-05,2.25E-05,0
0.6941,0.0359,-0.0683,0.945,0.0698,0.1614,0.3042,-0.104265,0.133888,4.44E-05,1.342,2.22E-05,2.22E-05,0
0.6941,0.0359,-0.0683,0.945,0.0698,0.1614,0.3042,-0.104265,0.134382,4.39E-05,1.34695,2.19E-05,2.19E-05,0
0.6941,0.0359,-0.0683,0.945,0.0698,0.1614,0.3042,-0.104265,0.134876,4.33E-05,1.3519,2.17E-05,2.17E-05,0
0.6941,0.0359,-0.0683,0.945,0.0698,0.1614,0.3042,-0.104265,0.135371,4.28E-05,1.35685,2.14E-05,2.14E-05,0
0.6941,0.0359,-0.0683,0.945,0.0698,0.1614,0.3042,-0.104265,0.135865,4.23E-05,1.3618,2.11E-05,2.11E-05,0
0.6941,0.0359,-0.0683,0.945,0.0698,0.1614,0.3042,-0.104265,0.136359,4.17E-05,1.36676,2.09E-05,2.09E-05,0
0.6941,0.0359,-0.0683,0.945,0.0698,0.1614,0.3042,-0.104265,0.136854,4.12E-05,1.37171,2.06E-05,2.06E-05,0
0.6941,0.0359,-0.0683,0.945,0.0698,0.1614,0.3042,-0.104265,0.137348,4.06E-05,1.37666,2.03E-05,2.03E-05,0
0.6941,0.0359,-0.0683,0.945,0.0698,0.1614,0.3042,-0.104265,0.137842,4.01E-05,1.38161,2.00E-05,2.00E-05,0
0.6941,0.0359,-0.0683,0.945,0.0698,0.1614,0.3042,-0.104265,0.138337,3.95E-05,1.38656,1.98E-05,1.98E-05,0
0.6941,0.0359,-0.0683,0.945,0.0698,0.1614,0.3042,-0.104265,0.138831,3.90E-05,1.39151,1.95E-05,1.95E-05,0
0.6941,0.0359,-0.0683,0.945,0.0698,0.1614,0.3042,-0.104265,0.139325,3.85E-05,1.39647,1.92E-05,1.92E-05,0
0.6941,0.0359,-0.0683,0.945,0.0698,0.1614,0.3042,-0.104265,0.13982,3.79E-05,1.40142,1.90E-05,1.90E-05,0
0.6941,0.0359,-0.0683,0.945,0.0698,0.1614,0.3042,-0.104265,0.140314,3.74E-05,1.40637,1.87E-05,1.87E-05,0
0.6941,0.0359,-0.0683,0.945,0.0698,0.1614,0.3042,-0.104265,0.140808,3.68E-05,1.41132,1.84E-05,1.84E-05,0
0.6941,0.0359,-0.0683,0.945,0.0698,0.1614,0.3042,-0.104265,0.141303,3.63E-05,1.41627,1.81E-05,1.81E-05,0
0.6941,0.0359,-0.0683,0.945,0.0698,0.1614,0.3042,-0.104265,0.141797,3.57E-05,1.42122,1.79E-05,1.79E-05,0
0.6941,0.0359,-0.0683,0.945,0.0698,0.1614,0.3042,-0.104265,0.142291,3.52E-05,1.42617,1.76E-05,1.76E-05,0
0.6941,0.0359,-0.0683,0.945,0.0698,0.1614,0.3042,-0.104265,0.142786,3.46E-05,1.43113,1.73E-05,1.73E-05,0
0.6941,0.0359,-0.0683,0.945,0.0698,0.1614,0.3042,-0.104265,0.14328,3.41E-05,1.43608,1.71E-05,1.71E-05,0
0.6941,0.0359,-0.0683,0.945,0.0698,0.1614,0.3042,-0.104265,0.143774,3.36E-05,1.44103,1.68E-05,1.68E-05,0
0.6941,0.0359,-0.0683,0.945,0.0698,0.1614,0.3042,-0.104265,0.144269,3.30E-05,1.44598,1.65E-05,1.65E-05,0
0.6941,0.0359,-0.0683,0.945,0.0698,0.1614,0.3042,-0.104265,0.144763,3.25E-05,1.45093,1.62E-05,1.62E-05,0
0.6941,0.0359,-0.0683,0.945,0.0698,0.1614,0.3042,-0.104265,0.145257,3.19E-05,1.45588,1.60E-05,1.60E-05,0
0.6941,0.0359,-0.0683,0.945,0.0698,0.1614,0.3042,-0.104265,0.145752,3.14E-05,1.46084,1.57E-05,1.57E-05,0
0.6941,0.0359,-0.0683,0.945,0.0698,0.1614,0.3042,-0.104265,0.146246,3.08E-05,1.46579,1.54E-05,1.54E-05,0
0.6941,0.0359,-0.0683,0.945,0.0698,0.1614,0.3042,-0.104265,0.14674,3.03E-05,1.47074,1.52E-05,1.52E-05,0
0.6941,0.0359,-0.0683,0.945,0.0698,0.1614,0.3042,-0.104265,0.147235,2.98E-05,1.47569,1.49E-05,1.49E-05,0
0.6941,0.0359,-0.0683,0.945,0.0698,0.1614,0.3042,-0.104265,0.147729,2.92E-05,1.48064,1.46E-05,1.46E-05,0
0.6941,0.0359,-0.0683,0.945,0.0698,0.1614,0.3042,-0.104265,0.148223,2.87E-05,1.48559,1.43E-05,1.43E-05,0
0.6941,0.0359,-0.0683,0.945,0.0698,0.1614,0.3042,-0.104265,0.148718,2.81E-05,1.49055,1.41E-05,1.41E-05,0
0.6941,0.0359,-0.0683,0.945,0.0698,0.1614,0.3042,-0.104265,0.149212,2.76E-05,1.4955,1.38E-05,1.38E-05,0
0.6941,0.0359,-0.0683,0.945,0.0698,0.1614,0.3042,-0.104265,0.149706,2.70E-05,1.50045,1.35E-05,1.35E-05,0
0.6941,0.0359,-0.0683,0.945,0.0698,0.1614,0.3042,-0.104265,0.150201,2.65E-05,1.5054,1.32E-05,1.32E-05,0
0.6941,0.0359,-0.0683,0.945,0.0698,0.1614,0.3042,-0.104265,0.150695,2.60E-05,1.51035,1.30E-05,1.30E-05,0
0.6941,0.0359,-0.0683,0.945,0.0698,0.1614,0.3042,-0.104265,0.151189,2.54E-05,1.5153,1.27E-05,1.27E-05,0
0.6941,0.0359,-0.0683,0.945,0.0698,0.1614,0.3042,-0.104265,0.151684,2.49E-05,1.52026,1.24E-05,1.24E-05,0
0.6941,0.0359,-0.0683,0.945,0.0698,0.1614,0.3042,-0.104265,0.152178,2.43E-05,1.52521,1.22E-05,1.22E-05,0
0.6941,0.0359,-0.0683,0.945,0.0698,0.1614,0.3042,-0.104265,0.152672,2.38E-05,1.53016,1.19E-05,1.19E-05,0
0.6941,0.0359,-0.0683,0.945,0.0698,0.1614,0.3042,-0.104265,0.153167,2.32E-05,1.53511,1.16E-05,1.16E-05,0
0.6941,0.0359,-0.0683,0.945,0.0698,0.1614,0.3042,-0.104265,0.153661,2.27E-05,1.54006,1.13E-05,1.13E-05,0
0.6941,0.0359,-0.0683,0.945,0.0698,0.1614,0.3042,-0.104265,0.154155,2.21E-05,1.54501,1.11E-05,1.11E-05,0
0.6941,0.0359,-0.0683,0.945,0.0698,0.1614,0.3042,-0.104265,0.15465,2.16E-05,1.54996,1.08E-05,1.08E-05,0
0.6941,0.0359,-0.0683,0.945,0.0698,0.1614,0.3042,-0.104265,0.155144,2.11E-05,1.55492,1.05E-05,1.05E-05,0
0.6941,0.0359,-0.0683,0.945,0.0698,0.1614,0.3042,-0.104265,0.155638,2.05E-05,1.55987,1.03E-05,1.03E-05,0
0.6941,0.0359,-0.0683,0.945,0.0698,0.1614,0.3042,-0.104265,0.156132,2.00E-05,1.56482,9.99E-06,9.99E-06,0
0.6941,0.0359,-0.0683,0.945,0.0698,0.1614,0.3042,-0.104265,0.156627,1.94E-05,1.56977,9.72E-06,9.72E-06,0
0.6941,0.0359,-0.0683,0.945,0.0698,0.1614,0.3042,-0.104265,0.157121,1.89E-05,1.57472,9.44E-06,9.44E-06,0
0.6941,0.0359,-0.0683,0.945,0.0698,0.1614,0.3042,-0.104265,0.157615,1.83E-05,1.57967,9.17E-06,9.17E-06,0
0.6941,0.0359,-0.0683,0.945,0.0698,0.1614,0.3042,-0.104265,0.15811,1.78E-05,1.58462,8.90E-06,8.90E-06,0
0.6941,0.0359,-0.0683,0.945,0.0698,0.1614,0.3042,-0.104265,0.158604,1.73E-05,1.58957,8.63E-06,8.63E-06,0
0.6941,0.0359,-0.0683,0.945,0.0698,0.1614,0.3042,-0.104265,0.159098,1.67E-05,1.59453,8.36E-06,8.36E-06,0
0.6941,0.0359,-0.0683,0.945,0.0698,0.1614,0.3042,-0.104265,0.159592,1.62E-05,1.59948,8.09E-06,8.09E-06,0
0.6941,0.0359,-0.0683,0.945,0.0698,0.1614,0.3042,-0.104265,0.160087,1.56E-05,1.60443,7.81E-06,7.81E-06,0
0.6941,0.0359,-0.0683,0.945,0.0698,0.1614,0.3042,-0.104265,0.160581,1.51E-05,1.60937,7.54E-06,7.54E-06,0
0.6941,0.0359,-0.0683,0.945,0.0698,0.1614,0.3042,-0.104265,0.161074,1.45E-05,1.61432,7.27E-06,7.27E-06,0
0.6941,0.0359,-0.0683,0.945,0.0698,0.1614,0.3042,-0.104265,0.161568,1.40E-05,1.61926,7.00E-06,7.00E-06,0
0.6941,0.0359,-0.0683,0.945,0.0698,0.1614,0.3042,-0.104265,0.162061,1.35E-05,1.62421,6.73E-06,6.73E-06,0
0.6941,0.0359,-0.0683,0.945,0.0698,0.1614,0.3042,-0.104265,0.162555,1.29E-05,1.62915,6.46E-06,6.46E-06,0
0.6941,0.0359,-0.0683,0.945,0.0698,0.1614,0.3042,-0.104265,0.163048,1.24E-05,1.63409,6.19E-06,6.19E-06,0
0.6941,0.0359,-0.0683,0.945,0.0698,0.1614,0.3042,-0.104265,0.163541,1.18E-05,1.63903,5.91E-06,5.91E-06,0
0.6941,0.0359,-0.0683,0.945,0.0698,0.1614,0.3042,-0.104265,0.164034,1.13E-05,1.64397,5.64E-06,5.64E-06,0
0.6941,0.0359,-0.0683,0.945,0.0698,0.1614,0.3042,-0.104265,0.164528,1.07E-05,1.64892,5.37E-06,5.37E-06,0
0.6941,0.0359,-0.0683,0.945,0.0698,0.1614,0.3042,-0.104265,0.165022,1.02E-05,1.65386,5.10E-06,5.10E-06,0
0.6941,0.0359,-0.0683,0.945,0.0698,0.1614,0.3042,-0.104265,0.165515,9.66E-06,1.6588,4.83E-06,4.83E-06,0
0.6941,0.0359,-0.0683,0.945,0.0698,0.1614,0.3042,-0.104265,0.166007,9.12E-06,1.66373,4.56E-06,4.56E-06,0
0.6941,0.0359,-0.0683,0.945,0.0698,0.1614,0.3042,-0.104265,0.166497,8.58E-06,1.66864,4.29E-06,4.29E-06,0
0.6941,0.0359,-0.0683,0.945,0.0698,0.1614,0.3042,-0.104265,0.166985,8.04E-06,1.67353,4.02E-06,4.02E-06,0
0.6941,0.0359,-0.0683,0.945,0.0698,0.1614,0.3042,-0.104265,0.16747,7.51E-06,1.67839,3.75E-06,3.75E-06,0
0.6941,0.0359,-0.0683,0.945,0.0698,0.1614,0.3042,-0.104265,0.167951,6.98E-06,1.6832,3.49E-06,3.49E-06,0
0.6941,0.0359,-0.0683,0.945,0.0698,0.1614,0.3042,-0.104265,0.168426,6.46E-06,1.68796,3.23E-06,3.23E-06,0
0.6941,0.0359,-0.0683,0.945,0.0698,0.1614,0.3042,-0.104265,0.168892,5.95E-06,1.69263,2.97E-06,2.97E-06,0
0.6941,0.0359,-0.0683,0.945,0.0698,0.1614,0.3042,-0.104265,0.169348,5.45E-06,1.69719,2.72E-06,2.72E-06,0
0.6941,0.0359,-0.0683,0.945,0.0698,0.1614,0.3042,-0.104265,0.16979,4.96E-06,1.70163,2.48E-06,2.48E-06,0
0.6941,0.0359,-0.0683,0.945,0.0698,0.1614,0.3042,-0.104265,0.170218,4.49E-06,1.70591,2.24E-06,2.24E-06,0
0.6941,0.0359,-0.0683,0.945,0.0698,0.1614,0.3042,-0.104265,0.170629,4.04E-06,1.71003,2.02E-06,2.02E-06,0
0.6941,0.0359,-0.0683,0.945,0.0698,0.1614,0.3042,-0.104265,0.171021,3.61E-06,1.71395,1.80E-06,1.80E-06,0
0.6941,0.0359,-0.0683,0.945,0.0698,0.1614,0.3042,-0.104265,0.171394,3.19E-06,1.71769,1.60E-06,1.60E-06,0
0.6941,0.0359,-0.0683,0.945,0.0698,0.1614,0.3042,-0.104265,0.171747,2.81E-06,1.72123,1.40E-06,1.40E-06,0
0.6941,0.0359,-0.0683,0.945,0.0698,0.1614,0.3042,-0.104265,0.17208,2.44E-06,1.72456,1.22E-06,1.22E-06,0
0.6941,0.0359,-0.0683,0.945,0.0698,0.1614,0.3042,-0.104265,0.172392,2.10E-06,1.72768,1.05E-06,1.05E-06,0
0.6941,0.0359,-0.0683,0.945,0.0698,0.1614,0.3042,-0.104265,0.172681,1.78E-06,1.73058,8.90E-07,8.90E-07,0
0.6941,0.0359,-0.0683,0.945,0.0698,0.1614,0.3042,-0.104265,0.172947,1.49E-06,1.73325,7.44E-07,7.44E-07,0
0.6941,0.0359,-0.0683,0.945,0.0698,0.1614,0.3042,-0.104265,0.17319,1.22E-06,1.73568,6.10E-07,6.10E-07,0
0.6941,0.0359,-0.0683,0.945,0.0698,0.1614,0.3042,-0.104265,0.173409,9.80E-07,1.73787,4.90E-07,4.90E-07,0
0.6941,0.0359,-0.0683,0.945,0.0698,0.1614,0.3042,-0.104265,0.173603,7.67E-07,1.73981,3.83E-07,3.83E-07,0
0.6941,0.0359,-0.0683,0.945,0.0698,0.1614,0.3042,-0.104265,0.173772,5.81E-07,1.74151,2.91E-07,2.91E-07,0
0.6941,0.0359,-0.0683,0.945,0.0698,0.1614,0.3042,-0.104265,0.173916,4.22E-07,1.74295,2.11E-07,2.11E-07,0
0.6941,0.0359,-0.0683,0.945,0.0698,0.1614,0.3042,-0.104265,0.174035,2.91E-07,1.74415,1.46E-07,1.46E-07,0
0.6941,0.0359,-0.0683,0.945,0.0698,0.1614,0.3042,-0.104265,0.17413,1.87E-07,1.74509,9.37E-08,9.37E-08,0
0.6941,0.0359,-0.0683,0.945,0.0698,0.1614,0.3042,-0.104265,0.174199,1.11E-07,1.74579,5.53E-08,5.53E-08,0
0.6941,0.0359,-0.0683,0.945,0.0698,0.1614,0.3042,-0.104265,0.174247,5.84E-08,1.74627,2.92E-08,2.92E-08,0
0.6941,0.0359,-0.0683,0.945,0.0698,0.1614,0.3042,-0.104265,0.174276,2.59E-08,1.74656,1.30E-08,1.30E-08,0
0.6941,0.0359,-0.0683,0.945,0.0698,0.1614,0.3042,-0.104265,0.174292,8.47E-09,1.74672,4.23E-09,4.23E-09,0
0.6941,0.0359,-0.0683,0.945,0.0698,0.1614,0.3042,-0.104265,0.174299,1.39E-09,1.74679,6.97E-10,6.97E-10,0
0.6941,0.0359,-0.0683,0.945,0.0698,0.1614,0.3042,-0.104265,0.1743,7.55E-12,1.7468,3.78E-12,3.78E-12,0
0.6941,0.0359,-0.0683,0.945,0.0698,0.1614,0.3042,-0.104265,0.1743,-7.06E-23,1.7468,-3.53E-23,-3.53E-23,0
0.6941,0.0359,-0.0683,0.945,0.0698,0.1614,0.3042,-0.104265,0.17449,9.59E-05,1.74711,0,0,0
0.6941,0.0359,-0.0683,0.945,0.0698,0.1614,0.3042,-0.104265,0.174491,9.47E-05,1.7471,0,5.09E-08,0
0.6941,0.0359,-0.0683,0.945,0.0698,0.1614,0.3042,-0.104265,0.174492,8.64E-05,1.74708,0,4.07E-07,0
0.6941,0.0359,-0.0683,0.945,0.0698,0.1614,0.3042,-0.104265,0.174496,6.40E-05,1.747,0,1.37E-06,0
0.6941,0.0359,-0.0683,0.945,0.0698,0.1614,0.3042,-0.104265,0.174503,2.04E-05,1.74686,0,3.26E-06,0
0.6941,0.0359,-0.0683,0.945,0.0698,0.1614,0.3042,-0.104265,0.174515,-5.16E-05,1.74662,0,6.36E-06,0
0.6941,0.0359,-0.0683,0.945,0.0698,0.1614,0.3042,-0.104265,0.174533,-0.000158888,1.74627,0,1.10E-05,0
0.6941,0.0359,-0.0683,0.945,0.0698,0.1614,0.3042,-0.104265,0.174557,-0.000308678,1.74577,0,1.75E-05,0
0.6941,0.0359,-0.0683,0.945,0.0698,0.1614,0.3042,-0.104265,0.174591,-0.000508005,1.74512,0,2.60E-05,0
0.6941,0.0359,-0.0683,0.945,0.0698,0.1614,0.3042,-0.104265,0.174633,-0.000763946,1.74427,0,3.71E-05,0
0.6941,0.0359,-0.0683,0.945,0.0698,0.1614,0.3042,-0.104265,0.174686,-0.00108358,1.74322,0,5.09E-05,0
0.6941,0.0359,-0.0683,0.945,0.0698,0.1614,0.3042,-0.104265,0.174751,-0.00147391,1.74193,0,6.77E-05,0
0.6941,0.0359,-0.0683,0.945,0.0698,0.1614,0.3042,-0.104265,0.174828,-0.00193762,1.7404,0,8.77E-05,0
0.6941,0.0359,-0.0683,0.945,0.0698,0.1614,0.3042,-0.104265,0.174916,-0.00247041,1.73865,0,0.000110704,0
0.6941,0.0359,-0.0683,0.945,0.0698,0.1614,0.3042,-0.104265,0.175016,-0.00306739,1.73668,0,0.000136456,0
0.6941,0.0359,-0.0683,0.945,0.0698,0.1614,0.3042,-0.104265,0.175124,-0.00372363,1.73451,0,0.000164764,0
0.6941,0.0359,-0.0683,0.945,0.0698,0.1614,0.3042,-0.104265,0.175242,-0.00443422,1.73217,0,0.000195418,0
0.6941,0.0359,-0.0683,0.945,0.0698,0.1614,0.3042,-0.104265,0.175369,-0.00519426,1.72967,0,0.000228204,0
0.6941,0.0359,-0.0683,0.945,0.0698,0.1614,0.3042,-0.104265,0.175502,-0.00599882,1.72701,0,0.000262911,0
0.6941,0.0359,-0.0683,0.945,0.0698,0.1614,0.3042,-0.104265,0.175642,-0.00684299,1.72423,0,0.000299326,0
0.6941,0.0359,-0.0683,0.945,0.0698,0.1614,0.3042,-0.104265,0.175788,-0.00772187,1.72133,0,0.000337239,0
0.6941,0.0359,-0.0683,0.945,0.0698,0.1614,0.3042,-0.104265,0.175939,-0.00863055,1.71834,0,0.000376437,0
0.6941,0.0359,-0.0683,0.945,0.0698,0.1614,0.3042,-0.104265,0.176094,-0.00956459,1.71526,0,0.000416729,0
0.6941,0.0359,-0.0683,0.945,0.0698,0.1614,0.3042,-0.104265,0.176254,-0.0105259,1.71209,0,0.000458197,0
0.6941,0.0359,-0.0683,0.945,0.0698,0.1614,0.3042,-0.104265,0.176419,-0.0115206,1.70881,0,0.000501107,0
0.6941,0.0359,-0.0683,0.945,0.0698,0.1614,0.3042,-0.104265,0.176591,-0.0125551,1.7054,0,0.000545732,0
0.6941,0.0359,-0.0683,0.945,0.0698,0.1614,0.3042,-0.104265,0.17677,-0.0136356,1.70183,0,0.000592344,0
0.6941,0.0359,-0.0683,0.945,0.0698,0.1614,0.3042,-0.104265,0.176958,-0.0147685,1.6981,0,0.000641214,0
0.6941,0.0359,-0.0683,0.945,0.0698,0.1614,0.3042,-0.104265,0.177156,-0.01596,1.69417,0,0.000692614,0
0.6941,0.0359,-0.0683,0.945,0.0698,0.1614,0.3042,-0.104265,0.177365,-0.0172165,1.69003,0,0.000746816,0
0.6941,0.0359,-0.0683,0.945,0.0698,0.1614,0.3042,-0.104265,0.177585,-0.0185441,1.68565,0,0.000804083,0
0.6941,0.0359,-0.0683,0.945,0.0698,0.1614,0.3042,-0.104265,0.177817,-0.0199399,1.68105,0,0.000864295,0
0.6941,0.0359,-0.0683,0.945,0.0698,0.1614,0.3042,-0.104265,0.178058,-0.0213893,1.67627,0,0.000926819,0
0.6941,0.0359,-0.0683,0.945,0.0698,0.1614,0.3042,-0.104265,0.178305,-0.0228768,1.67136,0,0.000990985,0
0.6941,0.0359,-0.0683,0.945,0.0698,0.1614,0.3042,-0.104265,0.178555,-0.0243868,1.66638,0,0.00105612,0
0.6941,0.0359,-0.0683,0.945,0.0698,0.1614,0.3042,-0.104265,0.178807,-0.0259038,1.66138,0,0.00112157,0
0.6941,0.0359,-0.0683,0.945,0.0698,0.1614,0.3042,-0.104265,0.179058,-0.0274124,1.65641,0,0.00118664,0
0.6941,0.0359,-0.0683,0.945,0.0698,0.1614,0.3042,-0.104265,0.179305,-0.0289033,1.65149,0,0.00125095,0
0.6941,0.0359,-0.0683,0.945,0.0698,0.1614,0.3042,-0.104265,0.17955,-0.0303799,1.64662,0,0.00131465,0
0.6941,0.0359,-0.0683,0.945,0.0698,0.1614,0.3042,-0.104265,0.179794,-0.0318477,1.64178,0,0.00137797,0
0.6941,0.0359,-0.0683,0.945,0.0698,0.1614,0.3042,-0.104265,0.180037,-0.0333119,1.63696,0,0.00144113,0
0.6941,0.0359,-0.0683,0.945,0.0698,0.1614,0.3042,-0.104265,0.180281,-0.0347779,1.63212,0,0.00150437,0
0.6941,0.0359,-0.0683,0.945,0.0698,0.1614,0.3042,-0.104265,0.180525,-0.0362509,1.62727,0,0.00156791,0
0.6941,0.0359,-0.0683,0.945,0.0698,0.1614,0.3042,-0.104265,0.180772,-0.0377345,1.62237,0,0.00163191,0
0.6941,0.0359,-0.0683,0.945,0.0698,0.1614,0.3042,-0.104265,0.181019,-0.0392273,1.61745,0,0.00169631,0
0.6941,0.0359,-0.0683,0.945,0.0698,0.1614,0.3042,-0.104265,0.181268,-0.0407268,1.61251,0,0.00176099,0
0.6941,0.0359,-0.0683,0.945,0.0698,0.1614,0.3042,-0.104265,0.181518,-0.0422304,1.60755,0,0.00182585,0
0.6941,0.0359,-0.0683,0.945,0.0698,0.1614,0.3042,-0.104265,0.181768,-0.0437356,1.60259,0,0.00189079,0
0.6941,0.0359,-0.0683,0.945,0.0698,0.1614,0.3042,-0.104265,0.182018,-0.0452399,1.59763,0,0.00195568,0
0.6941,0.0359,-0.0683,0.945,0.0698,0.1614,0.3042,-0.104265,0.182267,-0.0467413,1.59268,0,0.00202045,0
0.6941,0.0359,-0.0683,0.945,0.0698,0.1614,0.3042,-0.104265,0.182516,-0.0482403,1.58773,0,0.00208511,0
0.6941,0.0359,-0.0683,0.945,0.0698,0.1614,0.3042,-0.104265,0.182764,-0.0497377,1.5828,0,0.0021497,0
0.6941,0.0359,-0.0683,0.945,0.0698,0.1614,0.3042,-0.104265,0.183013,-0.0512343,1.57786,0,0.00221426,0
0.6941,0.0359,-0.0683,0.945,0.0698,0.1614,0.3042,-0.104265,0.183261,-0.052731,1.57293,0,0.00227883,0
0.6941,0.0359,-0.0683,0.945,0.0698,0.1614,0.3042,-0.104265,0.18351,-0.0542288,1.56799,0,0.00234344,0
0.6941,0.0359,-0.0683,0.945,0.0698,0.1614,0.3042,-0.104265,0.183759,-0.0557282,1.56304,0,0.00240812,0
0.6941,0.0359,-0.0683,0.945,0.0698,0.1614,0.3042,-0.104265,0.184008,-0.0572291,1.5581,0,0.00247287,0
0.6941,0.0359,-0.0683,0.945,0.0698,0.1614,0.3042,-0.104265,0.184258,-0.0587312,1.55314,0,0.00253766,0
0.6941,0.0359,-0.0683,0.945,0.0698,0.1614,0.3042,-0.104265,0.184507,-0.0602339,1.54819,0,0.00260248,0
0.6941,0.0359,-0.0683,0.945,0.0698,0.1614,0.3042,-0.104265,0.184757,-0.0617369,1.54323,0,0.00266732,0
0.6941,0.0359,-0.0683,0.945,0.0698,0.1614,0.3042,-0.104265,0.185006,-0.0632398,1.53828,0,0.00273215,0
0.6941,0.0359,-0.0683,0.945,0.0698,0.1614,0.3042,-0.104265,0.185256,-0.0647422,1.53332,0,0.00279696,0
0.6941,0.0359,-0.0683,0.945,0.0698,0.1614,0.3042,-0.104265,0.185505,-0.0662442,1.52837,0,0.00286176,0
0.6941,0.0359,-0.0683,0.945,0.0698,0.1614,0.3042,-0.104265,0.185754,-0.067746,1.52342,0,0.00292654,0
0.6941,0.0359,-0.0683,0.945,0.0698,0.1614,0.3042,-0.104265,0.186004,-0.0692476,1.51847,0,0.00299131,0
0.6941,0.0359,-0.0683,0.945,0.0698,0.1614,0.3042,-0.104265,0.186253,-0.0707492,1.51352,0,0.00305609,0
0.6941,0.0359,-0.0683,0.945,0.0698,0.1614,0.3042,-0.104265,0.186502,-0.072251,1.50856,0,0.00312087,0
0.6941,0.0359,-0.0683,0.945,0.0698,0.1614,0.3042,-0.104265,0.186752,-0.0737531,1.50361,0,0.00318567,0
0.6941,0.0359,-0.0683,0.945,0.0698,0.1614,0.3042,-0.104265,0.187001,-0.0752553,1.49866,0,0.00325047,0
0.6941,0.0359,-0.0683,0.945,0.0698,0.1614,0.3042,-0.104265,0.187251,-0.0767578,1.49371,0,0.00331529,0
0.6941,0.0359,-0.0683,0.945,0.0698,0.1614,0.3042,-0.104265,0.1875,-0.0782603,1.48875,0,0.0033801,0
0.6941,0.0359,-0.0683,0.945,0.0698,0.1614,0.3042,-0.104265,0.18775,-0.0797629,1.4838,0,0.00344492,0
0.6941,0.0359,-0.0683,0.945,0.0698,0.1614,0.3042,-0.104265,0.187999,-0.0812655,1.47884,0,0.00350974,0
0.6941,0.0359,-0.0683,0.945,0.0698,0.1614,0.3042,-0.104265,0.188249,-0.0827681,1.47389,0,0.00357455,0
0.6941,0.0359,-0.0683,0.945,0.0698,0.1614,0.3042,-0.104265,0.188498,-0.0842705,1.46893,0,0.00363937,0
0.6941,0.0359,-0.0683,0.945,0.0698,0.1614,0.3042,-0.104265,0.188748,-0.0857729,1.46398,0,0.00370418,0
0.6941,0.0359,-0.0683,0.945,0.0698,0.1614,0.3042,-0.104265,0.188997,-0.0872753,1.45903,0,0.00376899,0
0.6941,0.0359,-0.0683,0.945,0.0698,0.1614,0.3042,-0.104265,0.189247,-0.0887777,1.45407,0,0.0038338,0
0.6941,0.0359,-0.0683,0.945,0.0698,0.1614,0.3042,-0.104265,0.189496,-0.0902801,1.44912,0,0.00389861,0
0.6941,0.0359,-0.0683,0.945,0.0698,0.1614,0.3042,-0.104265,0.189745,-0.0917826,1.44417,0,0.00396342,0
0.6941,0.0359,-0.0683,0.945,0.0698,0.1614,0.3042,-0.104265,0.189995,-0.0932851,1.43921,0,0.00402823,0
0.6941,0.0359,-0.0683,0.945,0.0698,0.1614,0.3042,-0.104265,0.190244,-0.0947876,1.43426,0,0.00409305,0
0.6941,0.0359,-0.0683,0.945,0.0698,0.1614,0.3042,-0.104265,0.190494,-0.0962901,1.4293,0,0.00415786,0
0.6941,0.0359,-0.0683,0.945,0.0698,0.1614,0.3042,-0.104265,0.190743,-0.0977927,1.42435,0,0.00422268,0
0.6941,0.0359,-0.0683,0.945,0.0698,0.1614,0.3042,-0.104265,0.190993,-0.0992952,1.41939,0,0.0042875,0
0.6941,0.0359,-0.0683,0.945,0.0698,0.1614,0.3042,-0.104265,0.191242,-0.100798,1.41444,0,0.00435231,0
0.6941,0.0359,-0.0683,0.945,0.0698,0.1614,0.3042,-0.104265,0.191492,-0.1023,1.40949,0,0.00441713,0
0.6941,0.0359,-0.0683,0.945,0.0698,0.1614,0.3042,-0.104265,0.191741,-0.103803,1.40453,0,0.00448194,0
0.6941,0.0359,-0.0683,0.945,0.0698,0.1614,0.3042,-0.104265,0.191991,-0.105305,1.39958,0,0.00454676,0
0.6941,0.0359,-0.0683,0.945,0.0698,0.1614,0.3042,-0.104265,0.19224,-0.106808,1.39462,0,0.00461157,0
0.6941,0.0359,-0.0683,0.945,0.0698,0.1614,0.3042,-0.104265,0.19249,-0.10831,1.38967,0,0.00467639,0
0.6941,0.0359,-0.0683,0.945,0.0698,0.1614,0.3042,-0.104265,0.192739,-0.109813,1.38472,0,0.0047412,0
0.6941,0.0359,-0.0683,0.945,0.0698,0.1614,0.3042,-0.104265,0.192989,-0.111315,1.37976,0,0.00480602,0
0.6941,0.0359,-0.0683,0.945,0.0698,0.1614,0.3042,-0.104265,0.193238,-0.112818,1.37481,0,0.00487083,0
0.6941,0.0359,-0.0683,0.945,0.0698,0.1614,0.3042,-0.104265,0.193487,-0.11432,1.36985,0,0.00493565,0
0.6941,0.0359,-0.0683,0.945,0.0698,0.1614,0.3042,-0.104265,0.193737,-0.115823,1.3649,0,0.00500046,0
0.6941,0.0359,-0.0683,0.945,0.0698,0.1614,0.3042,-0.104265,0.193986,-0.117325,1.35994,0,0.00506528,0
0.6941,0.0359,-0.0683,0.945,0.0698,0.1614,0.3042,-0.104265,0.194236,-0.118828,1.35499,0,0.00513009,0
0.6941,0.0359,-0.0683,0.945,0.0698,0.1614,0.3042,-0.104265,0.194485,-0.12033,1.35004,0,0.00519491,0
0.6941,0.0359,-0.0683,0.945,0.0698,0.1614,0.3042,-0.104265,0.194735,-0.121833,1.34508,0,0.00525973,0
0.6941,0.0359,-0.0683,0.945,0.0698,0.1614,0.3042,-0.104265,0.194984,-0.123336,1.34013,0,0.00532454,0
0.6941,0.0359,-0.0683,0.945,0.0698,0.1614,0.3042,-0.104265,0.195234,-0.124838,1.33517,0,0.00538936,0
0.6941,0.0359,-0.0683,0.945,0.0698,0.1614,0.3042,-0.104265,0.195483,-0.126341,1.33022,0,0.00545417,0
0.6941,0.0359,-0.0683,0.945,0.0698,0.1614,0.3042,-0.104265,0.195733,-0.127843,1.32527,0,0.00551899,0
0.6941,0.0359,-0.0683,0.945,0.0698,0.1614,0.3042,-0.104265,0.195982,-0.129346,1.32031,0,0.0055838,0
0.6941,0.0359,-0.0683,0.945,0.0698,0.1614,0.3042,-0.104265,0.196232,-0.130848,1.31536,0,0.00564862,0
0.6941,0.0359,-0.0683,0.945,0.0698,0.1614,0.3042,-0.104265,0.196481,-0.132351,1.3104,0,0.00571343,0
0.6941,0.0359,-0.0683,0.945,0.0698,0.1614,0.3042,-0.104265,0.196731,-0.133853,1.30545,0,0.00577825,0
0.6941,0.0359,-0.0683,0.945,0.0698,0.1614,0.3042,-0.104265,0.19698,-0.135356,1.3005,0,0.00584306,0
0.6941,0.0359,-0.0683,0.945,0.0698,0.1614,0.3042,-0.104265,0.19723,-0.136858,1.29554,0,0.00590788,0
0.6941,0.0359,-0.0683,0.945,0.0698,0.1614,0.3042,-0.104265,0.197479,-0.138361,1.29059,0,0.0059727,0
0.6941,0.0359,-0.0683,0.945,0.0698,0.1614,0.3042,-0.104265,0.197729,-0.139863,1.28563,0,0.00603751,0
0.6941,0.0359,-0.0683,0.945,0.0698,0.1614,0.3042,-0.104265,0.197978,-0.141366,1.28068,0,0.00610233,0
0.6941,0.0359,-0.0683,0.945,0.0698,0.1614,0.3042,-0.104265,0.198227,-0.142868,1.27572,0,0.00616714,0
0.6941,0.0359,-0.0683,0.945,0.0698,0.1614,0.3042,-0.104265,0.198477,-0.144371,1.27077,0,0.00623196,0
0.6941,0.0359,-0.0683,0.945,0.0698,0.1614,0.3042,-0.104265,0.198726,-0.145873,1.26582,0,0.00629677,0
0.6941,0.0359,-0.0683,0.945,0.0698,0.1614,0.3042,-0.104265,0.198976,-0.147376,1.26086,0,0.00636159,0
0.6941,0.0359,-0.0683,0.945,0.0698,0.1614,0.3042,-0.104265,0.199225,-0.148879,1.25591,0,0.0064264,0
0.6941,0.0359,-0.0683,0.945,0.0698,0.1614,0.3042,-0.104265,0.199475,-0.150381,1.25095,0,0.00649122,0
0.6941,0.0359,-0.0683,0.945,0.0698,0.1614,0.3042,-0.104265,0.199724,-0.151884,1.246,0,0.00655603,0
0.6941,0.0359,-0.0683,0.945,0.0698,0.1614,0.3042,-0.104265,0.199974,-0.153386,1.24105,0,0.00662085,0
0.6941,0.0359,-0.0683,0.945,0.0698,0.1614,0.3042,-0.104265,0.200223,-0.154889,1.23609,0,0.00668567,0
0.6941,0.0359,-0.0683,0.945,0.0698,0.1614,0.3042,-0.104265,0.200473,-0.156391,1.23114,0,0.00675048,0
0.6941,0.0359,-0.0683,0.945,0.0698,0.1614,0.3042,-0.104265,0.200722,-0.157894,1.22618,0,0.0068153,0
0.6941,0.0359,-0.0683,0.945,0.0698,0.1614,0.3042,-0.104265,0.200972,-0.159396,1.22123,0,0.00688011,0
0.6941,0.0359,-0.0683,0.945,0.0698,0.1614,0.3042,-0.104265,0.201221,-0.160899,1.21627,0,0.00694493,0
0.6941,0.0359,-0.0683,0.945,0.0698,0.1614,0.3042,-0.104265,0.201471,-0.162401,1.21132,0,0.00700974,0
0.6941,0.0359,-0.0683,0.945,0.0698,0.1614,0.3042,-0.104265,0.20172,-0.163904,1.20637,0,0.00707456,0
0.6941,0.0359,-0.0683,0.945,0.0698,0.1614,0.3042,-0.104265,0.20197,-0.165406,1.20141,0,0.00713937,0
0.6941,0.0359,-0.0683,0.945,0.0698,0.1614,0.3042,-0.104265,0.202219,-0.166909,1.19646,0,0.00720419,0
0.6941,0.0359,-0.0683,0.945,0.0698,0.1614,0.3042,-0.104265,0.202469,-0.168411,1.1915,0,0.007269,0
0.6941,0.0359,-0.0683,0.945,0.0698,0.1614,0.3042,-0.104265,0.202718,-0.169914,1.18655,0,0.00733382,0
0.6941,0.0359,-0.0683,0.945,0.0698,0.1614,0.3042,-0.104265,0.202967,-0.171416,1.1816,0,0.00739864,0
0.6941,0.0359,-0.0683,0.945,0.0698,0.1614,0.3042,-0.104265,0.203217,-0.172919,1.17664,0,0.00746345,0
0.6941,0.0359,-0.0683,0.945,0.0698,0.1614,0.3042,-0.104265,0.203466,-0.174421,1.17169,0,0.00752827,0
0.6941,0.0359,-0.0683,0.945,0.0698,0.1614,0.3042,-0.104265,0.203716,-0.175924,1.16673,0,0.00759308,0
0.6941,0.0359,-0.0683,0.945,0.0698,0.1614,0.3042,-0.104265,0.203965,-0.177427,1.16178,0,0.0076579,0
0.6941,0.0359,-0.0683,0.945,0.0698,0.1614,0.3042,-0.104265,0.204215,-0.178929,1.15682,0,0.00772271,0
0.6941,0.0359,-0.0683,0.945,0.0698,0.1614,0.3042,-0.104265,0.204464,-0.180432,1.15187,0,0.00778753,0
0.6941,0.0359,-0.0683,0.945,0.0698,0.1614,0.3042,-0.104265,0.204714,-0.181934,1.14692,0,0.00785234,0
0.6941,0.0359,-0.0683,0.945,0.0698,0.1614,0.3042,-0.104265,0.204963,-0.183437,1.14196,0,0.00791716,0
0.6941,0.0359,-0.0683,0.945,0.0698,0.1614,0.3042,-0.104265,0.205213,-0.184939,1.13701,0,0.00798198,0
0.6941,0.0359,-0.0683,0.945,0.0698,0.1614,0.3042,-0.104265,0.205462,-0.186442,1.13205,0,0.00804679,0
0.6941,0.0359,-0.0683,0.945,0.0698,0.1614,0.3042,-0.104265,0.205712,-0.187944,1.1271,0,0.00811161,0
0.6941,0.0359,-0.0683,0.945,0.0698,0.1614,0.3042,-0.104265,0.205961,-0.189447,1.12215,0,0.00817642,0
0.6941,0.0359,-0.0683,0.945,0.0698,0.1614,0.3042,-0.104265,0.206211,-0.190949,1.11719,0,0.00824124,0
0.6941,0.0359,-0.0683,0.945,0.0698,0.1614,0.3042,-0.104265,0.20646,-0.192452,1.11224,0,0.00830605,0
0.6941,0.0359,-0.0683,0.945,0.0698,0.1614,0.3042,-0.104265,0.20671,-0.193954,1.10728,0,0.00837087,0
0.6941,0.0359,-0.0683,0.945,0.0698,0.1614,0.3042,-0.104265,0.206959,-0.195457,1.10233,0,0.00843568,0
0.6941,0.0359,-0.0683,0.945,0.0698,0.1614,0.3042,-0.104265,0.207209,-0.196959,1.09737,0,0.0085005,0
0.6941,0.0359,-0.0683,0.945,0.0698,0.1614,0.3042,-0.104265,0.207458,-0.198462,1.09242,0,0.00856531,0
0.6941,0.0359,-0.0683,0.945,0.0698,0.1614,0.3042,-0.104265,0.207707,-0.199964,1.08747,0,0.00863013,0
0.6941,0.0359,-0.0683,0.945,0.0698,0.1614,0.3042,-0.104265,0.207957,-0.201467,1.08251,0,0.00869495,0
0.6941,0.0359,-0.0683,0.945,0.0698,0.1614,0.3042,-0.104265,0.208206,-0.202969,1.07756,0,0.00875976,0
0.6941,0.0359,-0.0683,0.945,0.0698,0.1614,0.3042,-0.104265,0.208456,-0.204472,1.0726,0,0.00882458,0
0.6941,0.0359,-0.0683,0.945,0.0698,0.1614,0.3042,-0.104265,0.208705,-0.205975,1.06765,0,0.00888939,0
0.6941,0.0359,-0.0683,0.945,0.0698,0.1614,0.3042,-0.104265,0.208955,-0.207477,1.0627,0,0.00895421,0
0.6941,0.0359,-0.0683,0.945,0.0698,0.1614,0.3042,-0.104265,0.209204,-0.20898,1.05774,0,0.00901902,0
0.6941,0.0359,-0.0683,0.945,0.0698,0.1614,0.3042,-0.104265,0.209454,-0.210482,1.05279,0,0.00908384,0
0.6941,0.0359,-0.0683,0.945,0.0698,0.1614,0.3042,-0.104265,0.209703,-0.211985,1.04783,0,0.00914865,0
0.6941,0.0359,-0.0683,0.945,0.0698,0.1614,0.3042,-0.104265,0.209953,-0.213487,1.04288,0,0.00921347,0
0.6941,0.0359,-0.0683,0.945,0.0698,0.1614,0.3042,-0.104265,0.210202,-0.21499,1.03792,0,0.00927829,0
0.6941,0.0359,-0.0683,0.945,0.0698,0.1614,0.3042,-0.104265,0.210452,-0.216492,1.03297,0,0.0093431,0
0.6941,0.0359,-0.0683,0.945,0.0698,0.1614,0.3042,-0.104265,0.210701,-0.217995,1.02802,0,0.00940792,0
0.6941,0.0359,-0.0683,0.945,0.0698,0.1614,0.3042,-0.104265,0.210951,-0.219497,1.02306,0,0.00947273,0
0.6941,0.0359,-0.0683,0.945,0.0698,0.1614,0.3042,-0.104265,0.2112,-0.221,1.01811,0,0.00953755,0
0.6941,0.0359,-0.0683,0.945,0.0698,0.1614,0.3042,-0.104265,0.21145,-0.222502,1.01315,0,0.00960236,0
0.6941,0.0359,-0.0683,0.945,0.0698,0.1614,0.3042,-0.104265,0.211699,-0.224005,1.0082,0,0.00966718,0
0.6941,0.0359,-0.0683,0.945,0.0698,0.1614,0.3042,-0.104265,0.211949,-0.225507,1.00325,0,0.00973199,0
0.6941,0.0359,-0.0683,0.945,0.0698,0.1614,0.3042,-0.104265,0.212198,-0.22701,0.998291,0,0.00979681,0
0.6941,0.0359,-0.0683,0.945,0.0698,0.1614,0.3042,-0.104265,0.212447,-0.228512,0.993337,0,0.00986162,0
0.6941,0.0359,-0.0683,0.945,0.0698,0.1614,0.3042,-0.104265,0.212697,-0.230015,0.988383,0,0.00992644,0
0.6941,0.0359,-0.0683,0.945,0.0698,0.1614,0.3042,-0.104265,0.212946,-0.231518,0.983429,0,0.00999126,0
0.6941,0.0359,-0.0683,0.945,0.0698,0.1614,0.3042,-0.104265,0.213196,-0.23302,0.978475,0,0.0100561,0
0.6941,0.0359,-0.0683,0.945,0.0698,0.1614,0.3042,-0.104265,0.213445,-0.234523,0.973521,0,0.0101209,0
0.6941,0.0359,-0.0683,0.945,0.0698,0.1614,0.3042,-0.104265,0.213695,-0.236025,0.968567,0,0.0101857,0
0.6941,0.0359,-0.0683,0.945,0.0698,0.1614,0.3042,-0.104265,0.213944,-0.237528,0.963612,0,0.0102505,0
0.6941,0.0359,-0.0683,0.945,0.0698,0.1614,0.3042,-0.104265,0.214194,-0.23903,0.958658,0,0.0103153,0
0.6941,0.0359,-0.0683,0.945,0.0698,0.1614,0.3042,-0.104265,0.214443,-0.240533,0.953704,0,0.0103801,0
0.6941,0.0359,-0.0683,0.945,0.0698,0.1614,0.3042,-0.104265,0.214693,-0.242035,0.94875,0,0.010445,0
0.6941,0.0359,-0.0683,0.945,0.0698,0.1614,0.3042,-0.104265,0.214942,-0.243538,0.943796,0,0.0105098,0
0.6941,0.0359,-0.0683,0.945,0.0698,0.1614,0.3042,-0.104265,0.215192,-0.24504,0.938842,0,0.0105746,0
0.6941,0.0359,-0.0683,0.945,0.0698,0.1614,0.3042,-0.104265,0.215441,-0.246543,0.933887,0,0.0106394,0
0.6941,0.0359,-0.0683,0.945,0.0698,0.1614,0.3042,-0.104265,0.215691,-0.248045,0.928933,0,0.0107042,0
0.6941,0.0359,-0.0683,0.945,0.0698,0.1614,0.3042,-0.104265,0.21594,-0.249548,0.923979,0,0.010769,0
0.6941,0.0359,-0.0683,0.945,0.0698,0.1614,0.3042,-0.104265,0.21619,-0.25105,0.919025,0,0.0108339,0
0.6941,0.0359,-0.0683,0.945,0.0698,0.1614,0.3042,-0.104265,0.216439,-0.252553,0.914071,0,0.0108987,0
0.6941,0.0359,-0.0683,0.945,0.0698,0.1614,0.3042,-0.104265,0.216688,-0.254055,0.909117,0,0.0109635,0
0.6941,0.0359,-0.0683,0.945,0.0698,0.1614,0.3042,-0.104265,0.216938,-0.255558,0.904163,0,0.0110283,0
0.6941,0.0359,-0.0683,0.945,0.0698,0.1614,0.3042,-0.104265,0.217187,-0.25706,0.899208,0,0.0110931,0
0.6941,0.0359,-0.0683,0.945,0.0698,0.1614,0.3042,-0.104265,0.217437,-0.258563,0.894254,0,0.0111579,0
0.6941,0.0359,-0.0683,0.945,0.0698,0.1614,0.3042,-0.104265,0.217686,-0.260066,0.8893,0,0.0112228,0
0.6941,0.0359,-0.0683,0.945,0.0698,0.1614,0.3042,-0.104265,0.217936,-0.261568,0.884346,0,0.0112876,0
0.6941,0.0359,-0.0683,0.945,0.0698,0.1614,0.3042,-0.104265,0.218185,-0.263071,0.879392,0,0.0113524,0
0.6941,0.0359,-0.0683,0.945,0.0698,0.1614,0.3042,-0.104265,0.218435,-0.264573,0.874438,0,0.0114172,0
0.6941,0.0359,-0.0683,0.945,0.0698,0.1614,0.3042,-0.104265,0.218684,-0.266076,0.869483,0,0.011482,0
0.6941,0.0359,-0.0683,0.945,0.0698,0.1614,0.3042,-0.104265,0.218934,-0.267578,0.864529,0,0.0115468,0
0.6941,0.0359,-0.0683,0.945,0.0698,0.1614,0.3042,-0.104265,0.219183,-0.269081,0.859575,0,0.0116116,0
0.6941,0.0359,-0.0683,0.945,0.0698,0.1614,0.3042,-0.104265,0.219433,-0.270583,0.854621,0,0.0116765,0
0.6941,0.0359,-0.0683,0.945,0.0698,0.1614,0.3042,-0.104265,0.219682,-0.272086,0.849667,0,0.0117413,0
0.6941,0.0359,-0.0683,0.945,0.0698,0.1614,0.3042,-0.104265,0.219932,-0.273588,0.844713,0,0.0118061,0
0.6941,0.0359,-0.0683,0.945,0.0698,0.1614,0.3042,-0.104265,0.220181,-0.275091,0.839758,0,0.0118709,0
0.6941,0.0359,-0.0683,0.945,0.0698,0.1614,0.3042,-0.104265,0.220431,-0.276593,0.834804,0,0.0119357,0
0.6941,0.0359,-0.0683,0.945,0.0698,0.1614,0.3042,-0.104265,0.22068,-0.278096,0.82985,0,0.0120005,0
0.6941,0.0359,-0.0683,0.945,0.0698,0.1614,0.3042,-0.104265,0.22093,-0.279598,0.824896,0,0.0120654,0
0.6941,0.0359,-0.0683,0.945,0.0698,0.1614,0.3042,-0.104265,0.221179,-0.281101,0.819942,0,0.0121302,0
0.6941,0.0359,-0.0683,0.945,0.0698,0.1614,0.3042,-0.104265,0.221428,-0.282603,0.814988,0,0.012195,0
0.6941,0.0359,-0.0683,0.945,0.0698,0.1614,0.3042,-0.104265,0.221678,-0.284106,0.810034,0,0.0122598,0
0.6941,0.0359,-0.0683,0.945,0.0698,0.1614,0.3042,-0.104265,0.221927,-0.285609,0.805079,0,0.0123246,0
0.6941,0.0359,-0.0683,0.945,0.0698,0.1614,0.3042,-0.104265,0.222177,-0.287111,0.800125,0,0.0123894,0
0.6941,0.0359,-0.0683,0.945,0.0698,0.1614,0.3042,-0.104265,0.222426,-0.288614,0.795171,0,0.0124542,0
0.6941,0.0359,-0.0683,0.945,0.0698,0.1614,0.3042,-0.104265,0.222676,-0.290116,0.790217,0,0.0125191,0
0.6941,0.0359,-0.0683,0.945,0.0698,0.1614,0.3042,-0.104265,0.222925,-0.291619,0.785263,0,0.0125839,0
0.6941,0.0359,-0.0683,0.945,0.0698,0.1614,0.3042,-0.104265,0.223175,-0.293121,0.780309,0,0.0126487,0
0.6941,0.0359,-0.0683,0.945,0.0698,0.1614,0.3042,-0.104265,0.223424,-0.294624,0.775354,0,0.0127135,0
0.6941,0.0359,-0.0683,0.945,0.0698,0.1614,0.3042,-0.104265,0.223674,-0.296126,0.7704,0,0.0127783,0
0.6941,0.0359,-0.0683,0.945,0.0698,0.1614,0.3042,-0.104265,0.223923,-0.297629,0.765446,0,0.0128431,0
0.6941,0.0359,-0.0683,0.945,0.0698,0.1614,0.3042,-0.104265,0.224173,-0.299131,0.760492,0,0.012908,0
0.6941,0.0359,-0.0683,0.945,0.0698,0.1614,0.3042,-0.104265,0.224422,-0.300634,0.755538,0,0.0129728,0
0.6941,0.0359,-0.0683,0.945,0.0698,0.1614,0.3042,-0.104265,0.224672,-0.302136,0.750584,0,0.0130376,0
0.6941,0.0359,-0.0683,0.945,0.0698,0.1614,0.3042,-0.104265,0.224921,-0.303639,0.745629,0,0.0131024,0
0.6941,0.0359,-0.0683,0.945,0.0698,0.1614,0.3042,-0.104265,0.225171,-0.305141,0.740675,0,0.0131672,0
0.6941,0.0359,-0.0683,0.945,0.0698,0.1614,0.3042,-0.104265,0.22542,-0.306644,0.735721,0,0.013232,0
0.6941,0.0359,-0.0683,0.945,0.0698,0.1614,0.3042,-0.104265,0.22567,-0.308146,0.730767,0,0.0132968,0
0.6941,0.0359,-0.0683,0.945,0.0698,0.1614,0.3042,-0.104265,0.225919,-0.309649,0.725813,0,0.0133617,0
0.6941,0.0359,-0.0683,0.945,0.0698,0.1614,0.3042,-0.104265,0.226168,-0.311151,0.720859,0,0.0134265,0
0.6941,0.0359,-0.0683,0.945,0.0698,0.1614,0.3042,-0.104265,0.226418,-0.312654,0.715905,0,0.0134913,0
0.6941,0.0359,-0.0683,0.945,0.0698,0.1614,0.3042,-0.104265,0.226667,-0.314157,0.71095,0,0.0135561,0
0.6941,0.0359,-0.0683,0.945,0.0698,0.1614,0.3042,-0.104265,0.226917,-0.315659,0.705996,0,0.0136209,0
0.6941,0.0359,-0.0683,0.945,0.0698,0.1614,0.3042,-0.104265,0.227166,-0.317162,0.701042,0,0.0136857,0
0.6941,0.0359,-0.0683,0.945,0.0698,0.1614,0.3042,-0.104265,0.227416,-0.318664,0.696088,0,0.0137506,0
0.6941,0.0359,-0.0683,0.945,0.0698,0.1614,0.3042,-0.104265,0.227665,-0.320167,0.691134,0,0.0138154,0
0.6941,0.0359,-0.0683,0.945,0.0698,0.1614,0.3042,-0.104265,0.227915,-0.321669,0.68618,0,0.0138802,0
0.6941,0.0359,-0.0683,0.945,0.0698,0.1614,0.3042,-0.104265,0.228164,-0.323172,0.681225,0,0.013945,0
0.6941,0.0359,-0.0683,0.945,0.0698,0.1614,0.3042,-0.104265,0.228414,-0.324674,0.676271,0,0.0140098,0
0.6941,0.0359,-0.0683,0.945,0.0698,0.1614,0.3042,-0.104265,0.228663,-0.326177,0.671317,0,0.0140746,0
0.6941,0.0359,-0.0683,0.945,0.0698,0.1614,0.3042,-0.104265,0.228913,-0.327679,0.666363,0,0.0141394,0
0.6941,0.0359,-0.0683,0.945,0.0698,0.1614,0.3042,-0.104265,0.229162,-0.329182,0.661409,0,0.0142043,0
0.6941,0.0359,-0.0683,0.945,0.0698,0.1614,0.3042,-0.104265,0.229412,-0.330684,0.656455,0,0.0142691,0
0.6941,0.0359,-0.0683,0.945,0.0698,0.1614,0.3042,-0.104265,0.229661,-0.332187,0.651501,0,0.0143339,0
0.6941,0.0359,-0.0683,0.945,0.0698,0.1614,0.3042,-0.104265,0.229911,-0.333689,0.646546,0,0.0143987,0
0.6941,0.0359,-0.0683,0.945,0.0698,0.1614,0.3042,-0.104265,0.23016,-0.335192,0.641592,0,0.0144635,0
0.6941,0.0359,-0.0683,0.945,0.0698,0.1614,0.3042,-0.104265,0.23041,-0.336694,0.636638,0,0.0145283,0
0.6941,0.0359,-0.0683,0.945,0.0698,0.1614,0.3042,-0.104265,0.230659,-0.338197,0.631684,0,0.0145932,0
0.6941,0.0359,-0.0683,0.945,0.0698,0.1614,0.3042,-0.104265,0.230908,-0.339699,0.62673,0,0.014658,0
0.6941,0.0359,-0.0683,0.945,0.0698,0.1614,0.3042,-0.104265,0.231158,-0.341202,0.621776,0,0.0147228,0
0.6941,0.0359,-0.0683,0.945,0.0698,0.1614,0.3042,-0.104265,0.231407,-0.342705,0.616821,0,0.0147876,0
0.6941,0.0359,-0.0683,0.945,0.0698,0.1614,0.3042,-0.104265,0.231657,-0.344207,0.611867,0,0.0148524,0
0.6941,0.0359,-0.0683,0.945,0.0698,0.1614,0.3042,-0.104265,0.231906,-0.34571,0.606913,0,0.0149172,0
0.6941,0.0359,-0.0683,0.945,0.0698,0.1614,0.3042,-0.104265,0.232156,-0.347212,0.601959,0,0.014982,0
0.6941,0.0359,-0.0683,0.945,0.0698,0.1614,0.3042,-0.104265,0.232405,-0.348715,0.597005,0,0.0150469,0
0.6941,0.0359,-0.0683,0.945,0.0698,0.1614,0.3042,-0.104265,0.232655,-0.350217,0.592051,0,0.0151117,0
0.6941,0.0359,-0.0683,0.945,0.0698,0.1614,0.3042,-0.104265,0.232904,-0.35172,0.587096,0,0.0151765,0
0.6941,0.0359,-0.0683,0.945,0.0698,0.1614,0.3042,-0.104265,0.233154,-0.353222,0.582142,0,0.0152413,0
0.6941,0.0359,-0.0683,0.945,0.0698,0.1614,0.3042,-0.104265,0.233403,-0.354725,0.577188,0,0.0153061,0
0.6941,0.0359,-0.0683,0.945,0.0698,0.1614,0.3042,-0.104265,0.233653,-0.356227,0.572234,0,0.0153709,0
0.6941,0.0359,-0.0683,0.945,0.0698,0.1614,0.3042,-0.104265,0.233902,-0.35773,0.56728,0,0.0154358,0
0.6941,0.0359,-0.0683,0.945,0.0698,0.1614,0.3042,-0.104265,0.234152,-0.359232,0.562326,0,0.0155006,0
0.6941,0.0359,-0.0683,0.945,0.0698,0.1614,0.3042,-0.104265,0.234401,-0.360735,0.557372,0,0.0155654,0
0.6941,0.0359,-0.0683,0.945,0.0698,0.1614,0.3042,-0.104265,0.234651,-0.362237,0.552417,0,0.0156302,0
0.6941,0.0359,-0.0683,0.945,0.0698,0.1614,0.3042,-0.104265,0.2349,-0.36374,0.547463,0,0.015695,0
0.6941,0.0359,-0.0683,0.945,0.0698,0.1614,0.3042,-0.104265,0.23515,-0.365242,0.542509,0,0.0157598,0
0.6941,0.0359,-0.0683,0.945,0.0698,0.1614,0.3042,-0.104265,0.235399,-0.366745,0.537555,0,0.0158246,0
0.6941,0.0359,-0.0683,0.945,0.0698,0.1614,0.3042,-0.104265,0.235648,-0.368247,0.532601,0,0.0158895,0
0.6941,0.0359,-0.0683,0.945,0.0698,0.1614,0.3042,-0.104265,0.235898,-0.36975,0.527647,0,0.0159543,0
0.6941,0.0359,-0.0683,0.945,0.0698,0.1614,0.3042,-0.104265,0.236147,-0.371253,0.522693,0,0.0160191,0
0.6941,0.0359,-0.0683,0.945,0.0698,0.1614,0.3042,-0.104265,0.236397,-0.372755,0.517738,0,0.0160839,0
0.6941,0.0359,-0.0683,0.945,0.0698,0.1614,0.3042,-0.104265,0.236646,-0.374258,0.512784,0,0.0161487,0
0.6941,0.0359,-0.0683,0.945,0.0698,0.1614,0.3042,-0.104265,0.236896,-0.37576,0.50783,0,0.0162135,0
0.6941,0.0359,-0.0683,0.945,0.0698,0.1614,0.3042,-0.104265,0.237145,-0.377263,0.502876,0,0.0162784,0
0.6941,0.0359,-0.0683,0.945,0.0698,0.1614,0.3042,-0.104265,0.237395,-0.378765,0.497922,0,0.0163432,0
0.6941,0.0359,-0.0683,0.945,0.0698,0.1614,0.3042,-0.104265,0.237644,-0.380268,0.492968,0,0.016408,0
0.6941,0.0359,-0.0683,0.945,0.0698,0.1614,0.3042,-0.104265,0.237894,-0.38177,0.488014,0,0.0164728,0
0.6941,0.0359,-0.0683,0.945,0.0698,0.1614,0.3042,-0.104265,0.238143,-0.383272,0.48306,0,0.0165376,0
0.6941,0.0359,-0.0683,0.945,0.0698,0.1614,0.3042,-0.104265,0.238393,-0.384775,0.478106,0,0.0166024,0
0.6941,0.0359,-0.0683,0.945,0.0698,0.1614,0.3042,-0.104265,0.238642,-0.386277,0.473152,0,0.0166672,0
0.6941,0.0359,-0.0683,0.945,0.0698,0.1614,0.3042,-0.104265,0.238892,-0.38778,0.468199,0,0.016732,0
0.6941,0.0359,-0.0683,0.945,0.0698,0.1614,0.3042,-0.104265,0.239141,-0.389282,0.463244,0,0.0167969,0
0.6941,0.0359,-0.0683,0.945,0.0698,0.1614,0.3042,-0.104265,0.23939,-0.390785,0.45829,0,0.0168617,0
0.6941,0.0359,-0.0683,0.945,0.0698,0.1614,0.3042,-0.104265,0.23964,-0.392287,0.453336,0,0.0169265,0
0.6941,0.0359,-0.0683,0.945,0.0698,0.1614,0.3042,-0.104265,0.239889,-0.39379,0.448382,0,0.0169913,0
0.6941,0.0359,-0.0683,0.945,0.0698,0.1614,0.3042,-0.104265,0.240139,-0.395292,0.443428,0,0.0170561,0
0.6941,0.0359,-0.0683,0.945,0.0698,0.1614,0.3042,-0.104265,0.240388,-0.396795,0.438475,0,0.0171209,0
0.6941,0.0359,-0.0683,0.945,0.0698,0.1614,0.3042,-0.104265,0.240638,-0.398297,0.433522,0,0.0171857,0
0.6941,0.0359,-0.0683,0.945,0.0698,0.1614,0.3042,-0.104265,0.240887,-0.399799,0.42857,0,0.0172505,0
0.6941,0.0359,-0.0683,0.945,0.0698,0.1614,0.3042,-0.104265,0.241136,-0.4013,0.423619,0,0.0173153,0
0.6941,0.0359,-0.0683,0.945,0.0698,0.1614,0.3042,-0.104265,0.241386,-0.402802,0.418668,0,0.0173801,0
0.6941,0.0359,-0.0683,0.945,0.0698,0.1614,0.3042,-0.104265,0.241635,-0.404304,0.413716,0,0.0174448,0
0.6941,0.0359,-0.0683,0.945,0.0698,0.1614,0.3042,-0.104265,0.241884,-0.405805,0.408764,0,0.0175096,0
0.6941,0.0359,-0.0683,0.945,0.0698,0.1614,0.3042,-0.104265,0.242134,-0.407308,0.403811,0,0.0175744,0
0.6941,0.0359,-0.0683,0.945,0.0698,0.1614,0.3042,-0.104265,0.242383,-0.40881,0.398856,0,0.0176393,0
0.6941,0.0359,-0.0683,0.945,0.0698,0.1614,0.3042,-0.104265,0.242633,-0.410313,0.393901,0,0.0177041,0
0.6941,0.0359,-0.0683,0.945,0.0698,0.1614,0.3042,-0.104265,0.242882,-0.411816,0.388947,0,0.0177689,0
0.6941,0.0359,-0.0683,0.945,0.0698,0.1614,0.3042,-0.104265,0.243132,-0.413317,0.383996,0,0.0178337,0
0.6941,0.0359,-0.0683,0.945,0.0698,0.1614,0.3042,-0.104265,0.243381,-0.414817,0.37905,0,0.0178984,0
0.6941,0.0359,-0.0683,0.945,0.0698,0.1614,0.3042,-0.104265,0.243629,-0.416316,0.374109,0,0.017963,0
0.6941,0.0359,-0.0683,0.945,0.0698,0.1614,0.3042,-0.104265,0.243878,-0.417812,0.369177,0,0.0180275,0
0.6941,0.0359,-0.0683,0.945,0.0698,0.1614,0.3042,-0.104265,0.244126,-0.419306,0.364249,0,0.018092,0
0.6941,0.0359,-0.0683,0.945,0.0698,0.1614,0.3042,-0.104265,0.244374,-0.4208,0.359323,0,0.0181565,0
0.6941,0.0359,-0.0683,0.945,0.0698,0.1614,0.3042,-0.104265,0.244622,-0.422295,0.354395,0,0.0182209,0
0.6941,0.0359,-0.0683,0.945,0.0698,0.1614,0.3042,-0.104265,0.244871,-0.423792,0.34946,0,0.0182855,0
0.6941,0.0359,-0.0683,0.945,0.0698,0.1614,0.3042,-0.104265,0.24512,-0.425291,0.344515,0,0.0183502,0
0.6941,0.0359,-0.0683,0.945,0.0698,0.1614,0.3042,-0.104265,0.245369,-0.426795,0.339557,0,0.0184151,0
0.6941,0.0359,-0.0683,0.945,0.0698,0.1614,0.3042,-0.104265,0.245619,-0.4283,0.334596,0,0.01848,0
0.6941,0.0359,-0.0683,0.945,0.0698,0.1614,0.3042,-0.104265,0.245869,-0.429801,0.329646,0,0.0185447,0
0.6941,0.0359,-0.0683,0.945,0.0698,0.1614,0.3042,-0.104265,0.246116,-0.431294,0.324722,0,0.0186091,0
0.6941,0.0359,-0.0683,0.945,0.0698,0.1614,0.3042,-0.104265,0.246362,-0.432775,0.31984,0,0.018673,0
0.6941,0.0359,-0.0683,0.945,0.0698,0.1614,0.3042,-0.104265,0.246605,-0.434238,0.315015,0,0.0187362,0
0.6941,0.0359,-0.0683,0.945,0.0698,0.1614,0.3042,-0.104265,0.246845,-0.43568,0.310261,0,0.0187984,0
0.6941,0.0359,-0.0683,0.945,0.0698,0.1614,0.3042,-0.104265,0.24708,-0.437097,0.305589,0,0.0188595,0
0.6941,0.0359,-0.0683,0.945,0.0698,0.1614,0.3042,-0.104265,0.247311,-0.438487,0.301008,0,0.0189194,0
0.6941,0.0359,-0.0683,0.945,0.0698,0.1614,0.3042,-0.104265,0.247536,-0.439846,0.296526,0,0.018978,0
0.6941,0.0359,-0.0683,0.945,0.0698,0.1614,0.3042,-0.104265,0.247757,-0.441173,0.292151,0,0.0190353,0
0.6941,0.0359,-0.0683,0.945,0.0698,0.1614,0.3042,-0.104265,0.247971,-0.442464,0.287893,0,0.019091,0
0.6941,0.0359,-0.0683,0.945,0.0698,0.1614,0.3042,-0.104265,0.248179,-0.443718,0.283758,0,0.0191451,0
0.6941,0.0359,-0.0683,0.945,0.0698,0.1614,0.3042,-0.104265,0.248381,-0.444932,0.279756,0,0.0191974,0
0.6941,0.0359,-0.0683,0.945,0.0698,0.1614,0.3042,-0.104265,0.248575,-0.446104,0.27589,0,0.019248,0
0.6941,0.0359,-0.0683,0.945,0.0698,0.1614,0.3042,-0.104265,0.248763,-0.447235,0.272163,0,0.0192968,0
0.6941,0.0359,-0.0683,0.945,0.0698,0.1614,0.3042,-0.104265,0.248944,-0.448322,0.268577,0,0.0193437,0
0.6941,0.0359,-0.0683,0.945,0.0698,0.1614,0.3042,-0.104265,0.249117,-0.449366,0.265137,0,0.0193887,0
0.6941,0.0359,-0.0683,0.945,0.0698,0.1614,0.3042,-0.104265,0.249283,-0.450364,0.261844,0,0.0194318,0
0.6941,0.0359,-0.0683,0.945,0.0698,0.1614,0.3042,-0.104265,0.249441,-0.451317,0.258701,0,0.0194729,0
0.6941,0.0359,-0.0683,0.945,0.0698,0.1614,0.3042,-0.104265,0.249592,-0.452224,0.255713,0,0.019512,0
0.6941,0.0359,-0.0683,0.945,0.0698,0.1614,0.3042,-0.104265,0.249734,-0.453083,0.25288,0,0.0195491,0
0.6941,0.0359,-0.0683,0.945,0.0698,0.1614,0.3042,-0.104265,0.249869,-0.453893,0.25021,0,0.019584,0
0.6941,0.0359,-0.0683,0.945,0.0698,0.1614,0.3042,-0.104265,0.249994,-0.45465,0.247712,0,0.0196167,0
0.6941,0.0359,-0.0683,0.945,0.0698,0.1614,0.3042,-0.104265,0.250111,-0.455352,0.245397,0,0.019647,0
0.6941,0.0359,-0.0683,0.945,0.0698,0.1614,0.3042,-0.104265,0.250218,-0.455996,0.243276,0,0.0196747,0
0.6941,0.0359,-0.0683,0.945,0.0698,0.1614,0.3042,-0.104265,0.250314,-0.456577,0.241359,0,0.0196998,0
0.6941,0.0359,-0.0683,0.945,0.0698,0.1614,0.3042,-0.104265,0.2504,-0.457093,0.239658,0,0.019722,0
0.6941,0.0359,-0.0683,0.945,0.0698,0.1614,0.3042,-0.104265,0.250474,-0.45754,0.238183,0,0.0197414,0
0.6941,0.0359,-0.0683,0.945,0.0698,0.1614,0.3042,-0.104265,0.250537,-0.457916,0.236944,0,0.0197576,0
0.6941,0.0359,-0.0683,0.945,0.0698,0.1614,0.3042,-0.104265,0.250587,-0.458217,0.23595,0,0.0197706,0
0.6941,0.0359,-0.0683,0.945,0.0698,0.1614,0.3042,-0.104265,0.250625,-0.45845,0.235183,0,0.0197806,0
0.6941,0.0359,-0.0683,0.945,0.0698,0.1614,0.3042,-0.104265,0.250654,-0.458623,0.234614,0,0.019788,0
0.6941,0.0359,-0.0683,0.945,0.0698,0.1614,0.3042,-0.104265,0.250674,-0.458744,0.234213,0,0.0197933,0
0.6941,0.0359,-0.0683,0.945,0.0698,0.1614,0.3042,-0.104265,0.250687,-0.458824,0.233951,0,0.0197967,0
0.6941,0.0359,-0.0683,0.945,0.0698,0.1614,0.3042,-0.104265,0.250695,-0.45887,0.233798,0,0.0197987,0
0.6941,0.0359,-0.0683,0.945,0.0698,0.1614,0.3042,-0.104265,0.250699,-0.458893,0.233725,0,0.0197997,0
0.6941,0.0359,-0.0683,0.945,0.0698,0.1614,0.3042,-0.104265,0.2507,-0.458899,0.233702,0,0.0198,0
0.6941,0.0359,-0.0683,0.945,0.0698,0.1614,0.3042,-0.104265,0.2507,-0.4589,0.2337,0,0.0198,0
