0.9689,-0.0334,1.074,0.6202,-0.0008,0.014,0.1153,-0.1759,0.1743,0.0004,1.7468,-0.0002,0.0002,0
0.9677,-0.0334,1.0692,0.6216,-0.0005,0.0147,0.1161,-0.1701,0.1746,-0.0016,1.7404,-0.0003,0.0003,0
0.9666,-0.0334,1.0646,0.6229,-0.0003,0.0153,0.1168,-0.1646,0.1749,-0.0034,1.7344,-0.0004,0.0004,0
0.9654,-0.0334,1.0595,0.6243,0.0001,0.0159,0.1177,-0.1585,0.1753,-0.0055,1.7276,-0.0005,0.0005,-0.0001
0.9643,-0.0334,1.0548,0.6257,0.0003,0.0165,0.1184,-0.1529,0.1756,-0.0073,1.7214,-0.0006,0.0006,-0.0001
0.963,-0.0334,1.0494,0.6272,0.0007,0.0172,0.1193,-0.1465,0.176,-0.0095,1.7143,-0.0007,0.0007,-0.0001
0.9617,-0.0331,1.0441,0.6287,0.001,0.0179,0.1202,-0.14,0.1763,-0.0116,1.7072,-0.0008,0.0008,-0.0002
0.9604,-0.0327,1.0387,0.6302,0.0013,0.0186,0.1211,-0.1336,0.1767,-0.0138,1.7001,-0.0009,0.0008,-0.0002
0.959,-0.0324,1.0328,0.6319,0.0017,0.0194,0.1221,-0.1266,0.1771,-0.0162,1.6923,-0.001,0.0009,-0.0002
0.9577,-0.032,1.0272,0.6335,0.002,0.0201,0.123,-0.1199,0.1774,-0.0184,1.6849,-0.0011,0.001,-0.0003
0.9563,-0.0316,1.0214,0.6352,0.0024,0.0208,0.1239,-0.1129,0.1778,-0.0207,1.6772,-0.0012,0.0011,-0.0003
0.9548,-0.0313,1.0154,0.6369,0.0028,0.0216,0.125,-0.1056,0.1782,-0.0232,1.6692,-0.0013,0.0012,-0.0003
0.9535,-0.0309,1.0101,0.6384,0.0031,0.0223,0.1258,-0.0993,0.1786,-0.0253,1.6622,-0.0014,0.0013,-0.0004
0.9522,-0.0306,1.0047,0.6399,0.0034,0.023,0.1267,-0.0928,0.179,-0.0275,1.655,-0.0015,0.0014,-0.0004
0.951,-0.0303,0.9995,0.6414,0.0038,0.0237,0.1276,-0.0866,0.1793,-0.0296,1.6481,-0.0017,0.0015,-0.0004
0.9497,-0.03,0.9944,0.6429,0.0041,0.0243,0.1284,-0.0804,0.1796,-0.0316,1.6413,-0.0018,0.0016,-0.0005
0.9483,-0.0296,0.9884,0.6445,0.0044,0.0251,0.1294,-0.0733,0.18,-0.034,1.6335,-0.0019,0.0017,-0.0005
0.947,-0.0293,0.9828,0.6461,0.0048,0.0258,0.1303,-0.0666,0.1804,-0.0363,1.626,-0.002,0.0018,-0.0005
0.9457,-0.0289,0.9777,0.6476,0.0051,0.0265,0.1312,-0.0604,0.1808,-0.0383,1.6192,-0.0021,0.0019,-0.0006
0.9445,-0.0286,0.9725,0.6491,0.0054,0.0271,0.132,-0.0542,0.1811,-0.0404,1.6124,-0.0022,0.002,-0.0006
0.9433,-0.0283,0.9674,0.6505,0.0057,0.0278,0.1329,-0.0481,0.1814,-0.0425,1.6056,-0.0023,0.0021,-0.0006
0.9419,-0.0279,0.9617,0.6522,0.0061,0.0285,0.1338,-0.0412,0.1818,-0.0448,1.598,-0.0024,0.0022,-0.0007
0.9406,-0.0276,0.9564,0.6536,0.0064,0.0292,0.1347,-0.0349,0.1822,-0.0469,1.5911,-0.0025,0.0023,-0.0007
0.9395,-0.0273,0.9517,0.655,0.0067,0.0298,0.1355,-0.0292,0.1825,-0.0488,1.5848,-0.0026,0.0023,-0.0007
0.9383,-0.027,0.9467,0.6564,0.007,0.0305,0.1363,-0.0232,0.1828,-0.0508,1.5781,-0.0027,0.0024,-0.0008
0.9373,-0.0268,0.9425,0.6576,0.0073,0.031,0.137,-0.0182,0.1831,-0.0525,1.5726,-0.0028,0.0025,-0.0008
0.9363,-0.0265,0.9385,0.6587,0.0075,0.0315,0.1377,-0.0134,0.1834,-0.0541,1.5673,-0.0029,0.0026,-0.0008
0.9352,-0.0262,0.9341,0.66,0.0078,0.0321,0.1384,-0.0081,0.1837,-0.0559,1.5615,-0.0029,0.0026,-0.0008
0.9343,-0.026,0.9302,0.6611,0.008,0.0326,0.139,-0.0034,0.1839,-0.0574,1.5563,-0.003,0.0027,-0.0009
0.9333,-0.0257,0.9261,0.6623,0.0083,0.0331,0.1397,0.0014,0.1842,-0.0591,1.5509,-0.0031,0.0028,-0.0009
0.9323,-0.0255,0.9217,0.6635,0.0086,0.0337,0.1404,0.0067,0.1845,-0.0608,1.5451,-0.0032,0.0028,-0.0009
0.9314,-0.0252,0.918,0.6646,0.0088,0.0342,0.1411,0.0111,0.1847,-0.0623,1.5402,-0.0033,0.0029,-0.0009
0.9304,-0.025,0.9138,0.6658,0.0091,0.0347,0.1417,0.0162,0.185,-0.064,1.5347,-0.0033,0.003,-0.001
0.9293,-0.0247,0.9095,0.667,0.0093,0.0353,0.1425,0.0213,0.1853,-0.0657,1.5289,-0.0034,0.0031,-0.001
0.9284,-0.0245,0.9057,0.6681,0.0096,0.0358,0.1431,0.0259,0.1856,-0.0673,1.5239,-0.0035,0.0031,-0.001
0.9273,-0.0242,0.9011,0.6694,0.0098,0.0363,0.1438,0.0314,0.1859,-0.0691,1.5178,-0.0036,0.0032,-0.001
0.9262,-0.0239,0.8963,0.6707,0.0101,0.037,0.1446,0.0371,0.1862,-0.071,1.5115,-0.0037,0.0033,-0.0011
0.925,-0.0236,0.8916,0.6721,0.0104,0.0376,0.1454,0.0429,0.1865,-0.073,1.5052,-0.0038,0.0034,-0.0011
0.9236,-0.0232,0.8859,0.6737,0.0108,0.0383,0.1464,0.0497,0.1869,-0.0752,1.4976,-0.0039,0.0035,-0.0011
0.9223,-0.0229,0.8803,0.6753,0.0111,0.039,0.1473,0.0564,0.1873,-0.0775,1.4902,-0.004,0.0036,-0.0012
0.9211,-0.0226,0.8753,0.6767,0.0114,0.0397,0.1481,0.0624,0.1876,-0.0795,1.4836,-0.0041,0.0036,-0.0012
0.9198,-0.0223,0.87,0.6782,0.0118,0.0404,0.149,0.0688,0.188,-0.0816,1.4766,-0.0042,0.0037,-0.0012
0.9187,-0.022,0.8652,0.6796,0.0121,0.041,0.1498,0.0745,0.1883,-0.0836,1.4702,-0.0043,0.0038,-0.0013
0.9175,-0.0216,0.8602,0.681,0.0124,0.0416,0.1506,0.0805,0.1886,-0.0856,1.4636,-0.0044,0.0039,-0.0013
0.9163,-0.0213,0.8551,0.6824,0.0127,0.0423,0.1515,0.0866,0.189,-0.0876,1.4569,-0.0045,0.004,-0.0013
0.9151,-0.021,0.8503,0.6838,0.013,0.0429,0.1522,0.0923,0.1893,-0.0895,1.4506,-0.0046,0.0041,-0.0013
0.9137,-0.0207,0.8447,0.6854,0.0133,0.0436,0.1532,0.0991,0.1897,-0.0918,1.443,-0.0047,0.0042,-0.0014
0.9122,-0.0203,0.8381,0.6873,0.0137,0.0445,0.1543,0.107,0.1901,-0.0945,1.4343,-0.0048,0.0043,-0.0014
0.9107,-0.0199,0.8319,0.6891,0.0141,0.0453,0.1553,0.1145,0.1905,-0.097,1.4261,-0.005,0.0044,-0.0015
0.9094,-0.0196,0.8265,0.6906,0.0145,0.046,0.1562,0.1209,0.1909,-0.0991,1.419,-0.0051,0.0045,-0.0015
0.908,-0.0192,0.8209,0.6922,0.0148,0.0467,0.1571,0.1276,0.1912,-0.1014,1.4116,-0.0052,0.0046,-0.0015
0.9066,-0.0189,0.8152,0.6938,0.0152,0.0474,0.1581,0.1344,0.1916,-0.1037,1.404,-0.0053,0.0047,-0.0016
0.9053,-0.0185,0.8097,0.6953,0.0155,0.0481,0.159,0.141,0.192,-0.1059,1.3968,-0.0054,0.0048,-0.0016
0.9039,-0.0182,0.8039,0.697,0.0158,0.0489,0.1599,0.148,0.1924,-0.1082,1.3891,-0.0055,0.0049,-0.0016
0.9027,-0.0178,0.7987,0.6985,0.0162,0.0496,0.1608,0.1543,0.1927,-0.1103,1.3821,-0.0056,0.005,-0.0017
0.9013,-0.0175,0.793,0.7001,0.0165,0.0503,0.1617,0.1611,0.1931,-0.1126,1.3746,-0.0057,0.0051,-0.0017
0.9,-0.0171,0.7876,0.7017,0.0169,0.051,0.1626,0.1676,0.1935,-0.1148,1.3674,-0.0058,0.0052,-0.0017
0.8987,-0.0168,0.7822,0.7032,0.0172,0.0517,0.1635,0.174,0.1938,-0.1169,1.3603,-0.0059,0.0052,-0.0018
0.8973,-0.0165,0.7765,0.7048,0.0175,0.0524,0.1645,0.1809,0.1942,-0.1192,1.3527,-0.0061,0.0053,-0.0018
0.8961,-0.0161,0.7712,0.7063,0.0179,0.0531,0.1653,0.1872,0.1946,-0.1213,1.3457,-0.0062,0.0054,-0.0018
0.8947,-0.0158,0.7654,0.708,0.0182,0.0539,0.1663,0.1942,0.195,-0.1237,1.338,-0.0063,0.0055,-0.0019
0.8932,-0.0154,0.7594,0.7097,0.0186,0.0546,0.1673,0.2014,0.1954,-0.1261,1.3301,-0.0064,0.0056,-0.0019
0.892,-0.0151,0.7544,0.7111,0.0189,0.0553,0.1681,0.2074,0.1957,-0.1281,1.3234,-0.0065,0.0057,-0.0019
0.8908,-0.0148,0.7492,0.7126,0.0192,0.0559,0.169,0.2136,0.196,-0.1302,1.3166,-0.0066,0.0058,-0.002
0.8897,-0.0145,0.7447,0.7138,0.0195,0.0565,0.1697,0.219,0.1963,-0.132,1.3106,-0.0067,0.0059,-0.002
0.8887,-0.0142,0.7407,0.715,0.0198,0.057,0.1704,0.2239,0.1966,-0.1336,1.3053,-0.0068,0.006,-0.002
0.8876,-0.014,0.7361,0.7163,0.02,0.0576,0.1711,0.2293,0.1969,-0.1355,1.2993,-0.0069,0.006,-0.002
0.8867,-0.0137,0.7321,0.7174,0.0203,0.0581,0.1718,0.2341,0.1972,-0.1371,1.2939,-0.0069,0.0061,-0.0021
0.8857,-0.0135,0.7281,0.7186,0.0205,0.0587,0.1725,0.239,0.1975,-0.1387,1.2886,-0.007,0.0062,-0.0021
0.8846,-0.0132,0.7234,0.7199,0.0208,0.0593,0.1732,0.2446,0.1978,-0.1406,1.2824,-0.0071,0.0063,-0.0021
0.8835,-0.0129,0.7191,0.7211,0.0211,0.0598,0.1739,0.2497,0.1981,-0.1423,1.2767,-0.0072,0.0063,-0.0021
0.8824,-0.0126,0.7143,0.7225,0.0214,0.0604,0.1747,0.2555,0.1984,-0.1442,1.2703,-0.0073,0.0064,-0.0022
0.881,-0.0123,0.7087,0.7241,0.0217,0.0612,0.1757,0.2621,0.1987,-0.1465,1.263,-0.0074,0.0065,-0.0022
0.8798,-0.0119,0.7036,0.7255,0.022,0.0618,0.1765,0.2683,0.1991,-0.1485,1.2562,-0.0075,0.0066,-0.0022
0.8785,-0.0116,0.6981,0.7271,0.0224,0.0625,0.1774,0.2749,0.1995,-0.1507,1.2489,-0.0076,0.0067,-0.0023
0.8772,-0.0113,0.6927,0.7286,0.0227,0.0632,0.1783,0.2814,0.1998,-0.1529,1.2417,-0.0077,0.0068,-0.0023
0.8759,-0.0109,0.6874,0.7301,0.023,0.0639,0.1792,0.2877,0.2002,-0.155,1.2348,-0.0078,0.0069,-0.0023
0.8746,-0.0106,0.6818,0.7317,0.0234,0.0646,0.1801,0.2944,0.2005,-0.1573,1.2274,-0.0079,0.007,-0.0024
0.8734,-0.0103,0.677,0.7331,0.0237,0.0653,0.1809,0.3002,0.2009,-0.1592,1.2209,-0.008,0.007,-0.0024
0.8721,-0.01,0.6716,0.7346,0.024,0.066,0.1818,0.3067,0.2012,-0.1614,1.2138,-0.0081,0.0071,-0.0024
0.8706,-0.0096,0.6653,0.7364,0.0244,0.0668,0.1828,0.3142,0.2017,-0.1639,1.2055,-0.0082,0.0072,-0.0025
0.8691,-0.0092,0.6592,0.7382,0.0248,0.0676,0.1839,0.3216,0.2021,-0.1664,1.1973,-0.0084,0.0074,-0.0025
0.8677,-0.0088,0.6534,0.7398,0.0252,0.0683,0.1848,0.3285,0.2025,-0.1687,1.1896,-0.0085,0.0075,-0.0025
0.8665,-0.0085,0.6484,0.7412,0.0255,0.069,0.1856,0.3346,0.2028,-0.1707,1.183,-0.0086,0.0075,-0.0026
0.8653,-0.0082,0.6435,0.7426,0.0258,0.0696,0.1865,0.3404,0.2031,-0.1727,1.1765,-0.0087,0.0076,-0.0026
0.8642,-0.0079,0.6387,0.744,0.0261,0.0702,0.1872,0.3461,0.2034,-0.1746,1.1702,-0.0088,0.0077,-0.0026
0.8632,-0.0077,0.6348,0.7451,0.0263,0.0707,0.1879,0.3509,0.2037,-0.1762,1.165,-0.0089,0.0078,-0.0027
0.8622,-0.0074,0.6303,0.7464,0.0266,0.0713,0.1886,0.3562,0.204,-0.178,1.159,-0.0089,0.0078,-0.0027
0.8611,-0.0071,0.6259,0.7476,0.0269,0.0719,0.1894,0.3615,0.2043,-0.1798,1.1532,-0.009,0.0079,-0.0027
0.8601,-0.0069,0.6218,0.7488,0.0271,0.0724,0.19,0.3665,0.2046,-0.1814,1.1478,-0.0091,0.008,-0.0027
0.859,-0.0066,0.6171,0.7501,0.0274,0.073,0.1908,0.372,0.2049,-0.1833,1.1416,-0.0092,0.0081,-0.0028
0.858,-0.0063,0.6131,0.7513,0.0276,0.0735,0.1915,0.3769,0.2052,-0.1849,1.1362,-0.0093,0.0081,-0.0028
0.857,-0.0061,0.6088,0.7525,0.0279,0.0741,0.1922,0.3821,0.2054,-0.1867,1.1305,-0.0094,0.0082,-0.0028
0.8558,-0.0058,0.604,0.7539,0.0282,0.0747,0.193,0.3878,0.2058,-0.1886,1.1242,-0.0095,0.0083,-0.0028
0.8548,-0.0055,0.5995,0.7551,0.0285,0.0752,0.1937,0.3931,0.2061,-0.1904,1.1183,-0.0095,0.0084,-0.0029
0.8535,-0.0052,0.5943,0.7566,0.0288,0.0759,0.1946,0.3994,0.2064,-0.1925,1.1114,-0.0097,0.0085,-0.0029
0.8523,-0.0048,0.5892,0.7581,0.0291,0.0766,0.1954,0.4056,0.2067,-0.1945,1.1046,-0.0098,0.0086,-0.0029
0.8511,-0.0045,0.5844,0.7594,0.0294,0.0772,0.1962,0.4113,0.2071,-0.1964,1.0983,-0.0098,0.0086,-0.003
0.8499,-0.0042,0.5791,0.7609,0.0297,0.0779,0.1971,0.4176,0.2074,-0.1986,1.0913,-0.01,0.0087,-0.003
0.8486,-0.0039,0.5741,0.7623,0.0301,0.0785,0.1979,0.4236,0.2078,-0.2006,1.0846,-0.0101,0.0088,-0.003
0.8474,-0.0036,0.5689,0.7638,0.0304,0.0792,0.1988,0.4298,0.2081,-0.2027,1.0778,-0.0102,0.0089,-0.0031
0.846,-0.0032,0.563,0.7655,0.0307,0.08,0.1998,0.4369,0.2085,-0.2051,1.0699,-0.0103,0.009,-0.0031
0.8447,-0.0029,0.5575,0.7671,0.0311,0.0807,0.2007,0.4435,0.2089,-0.2073,1.0626,-0.0104,0.0091,-0.0031
0.8433,-0.0025,0.5519,0.7687,0.0314,0.0814,0.2016,0.4502,0.2092,-0.2095,1.0553,-0.0105,0.0092,-0.0032
0.8419,-0.0022,0.5459,0.7704,0.0318,0.0822,0.2026,0.4574,0.2096,-0.2119,1.0473,-0.0106,0.0093,-0.0032
0.8405,-0.0018,0.5403,0.7719,0.0321,0.0829,0.2035,0.4641,0.21,-0.2142,1.0399,-0.0107,0.0094,-0.0032
0.8391,-0.0014,0.5344,0.7736,0.0325,0.0837,0.2045,0.4713,0.2104,-0.2166,1.032,-0.0108,0.0095,-0.0033
0.8377,-0.0011,0.5286,0.7753,0.0329,0.0844,0.2055,0.4782,0.2108,-0.2189,1.0243,-0.0109,0.0096,-0.0033
0.8362,-0.0007,0.5225,0.777,0.0332,0.0852,0.2065,0.4855,0.2112,-0.2213,1.0163,-0.0111,0.0097,-0.0033
0.8346,-0.0003,0.5159,0.7789,0.0337,0.086,0.2076,0.4934,0.2116,-0.224,1.0076,-0.0112,0.0098,-0.0034
0.8332,0.0001,0.5098,0.7806,0.034,0.0868,0.2086,0.5008,0.2121,-0.2264,0.9994,-0.0113,0.0099,-0.0034
0.8317,0.0005,0.5036,0.7824,0.0344,0.0876,0.2096,0.5082,0.2125,-0.2289,0.9912,-0.0114,0.01,-0.0035
0.8302,0.0009,0.4972,0.7842,0.0348,0.0884,0.2106,0.5158,0.2129,-0.2315,0.9828,-0.0116,0.0101,-0.0035
0.8288,0.0012,0.4918,0.7857,0.0351,0.0891,0.2115,0.5223,0.2133,-0.2337,0.9756,-0.0117,0.0102,-0.0035
0.8276,0.0015,0.4866,0.7872,0.0355,0.0898,0.2124,0.5286,0.2136,-0.2358,0.9687,-0.0118,0.0103,-0.0036
0.8263,0.0019,0.4812,0.7888,0.0358,0.0905,0.2133,0.5351,0.214,-0.2379,0.9615,-0.0119,0.0104,-0.0036
0.8251,0.0022,0.4761,0.7902,0.0361,0.0912,0.2141,0.5412,0.2143,-0.24,0.9548,-0.012,0.0105,-0.0036
0.8237,0.0025,0.4704,0.7918,0.0365,0.0919,0.2151,0.548,0.2147,-0.2423,0.9472,-0.0121,0.0106,-0.0037
0.8225,0.0028,0.4653,0.7933,0.0368,0.0926,0.2159,0.5541,0.215,-0.2443,0.9405,-0.0122,0.0107,-0.0037
0.8213,0.0031,0.4605,0.7946,0.0371,0.0932,0.2167,0.5598,0.2154,-0.2462,0.9342,-0.0123,0.0108,-0.0037
0.8202,0.0034,0.4557,0.796,0.0374,0.0938,0.2175,0.5657,0.2157,-0.2482,0.9278,-0.0124,0.0108,-0.0037
0.8192,0.0037,0.4515,0.7972,0.0376,0.0943,0.2182,0.5706,0.216,-0.2499,0.9223,-0.0125,0.0109,-0.0038
0.8181,0.004,0.4469,0.7985,0.0379,0.0949,0.219,0.5761,0.2163,-0.2517,0.9162,-0.0126,0.011,-0.0038
0.817,0.0043,0.4424,0.7998,0.0382,0.0955,0.2197,0.5815,0.2166,-0.2535,0.9102,-0.0126,0.0111,-0.0038
0.816,0.0045,0.4383,0.801,0.0384,0.0961,0.2204,0.5865,0.2168,-0.2552,0.9047,-0.0127,0.0111,-0.0039
0.8148,0.0048,0.4334,0.8024,0.0388,0.0967,0.2212,0.5924,0.2172,-0.2572,0.8982,-0.0128,0.0112,-0.0039
0.8136,0.0051,0.4284,0.8038,0.0391,0.0973,0.222,0.5984,0.2175,-0.2592,0.8916,-0.0129,0.0113,-0.0039
0.8126,0.0054,0.4241,0.805,0.0393,0.0979,0.2227,0.6036,0.2178,-0.2609,0.8859,-0.013,0.0114,-0.0039
0.8114,0.0057,0.4192,0.8064,0.0396,0.0985,0.2235,0.6094,0.2181,-0.2629,0.8794,-0.0131,0.0115,-0.004
0.8103,0.006,0.4146,0.8077,0.0399,0.0991,0.2243,0.615,0.2184,-0.2647,0.8733,-0.0132,0.0116,-0.004
0.8091,0.0063,0.4098,0.8091,0.0402,0.0997,0.2251,0.6207,0.2187,-0.2666,0.867,-0.0133,0.0116,-0.004
0.8078,0.0066,0.4042,0.8106,0.0406,0.1004,0.226,0.6273,0.2191,-0.2689,0.8596,-0.0134,0.0117,-0.0041
0.8065,0.0069,0.399,0.8121,0.0409,0.1011,0.2269,0.6336,0.2195,-0.271,0.8527,-0.0135,0.0118,-0.0041
0.8054,0.0072,0.3943,0.8135,0.0412,0.1017,0.2277,0.6392,0.2198,-0.2729,0.8465,-0.0136,0.0119,-0.0041
0.8042,0.0076,0.3892,0.8149,0.0415,0.1024,0.2285,0.6454,0.2201,-0.2749,0.8397,-0.0137,0.012,-0.0042
0.8029,0.0079,0.3839,0.8164,0.0418,0.1031,0.2294,0.6517,0.2205,-0.277,0.8327,-0.0138,0.0121,-0.0042
0.8017,0.0082,0.3789,0.8178,0.0421,0.1037,0.2302,0.6577,0.2208,-0.279,0.8261,-0.0139,0.0122,-0.0042
0.8003,0.0085,0.3733,0.8194,0.0425,0.1044,0.2311,0.6645,0.2212,-0.2813,0.8186,-0.014,0.0123,-0.0043
0.7991,0.0089,0.368,0.821,0.0428,0.1051,0.232,0.6709,0.2215,-0.2835,0.8116,-0.0141,0.0124,-0.0043
0.7978,0.0092,0.3627,0.8225,0.0431,0.1058,0.2329,0.6772,0.2219,-0.2856,0.8046,-0.0142,0.0124,-0.0043
0.7964,0.0096,0.3569,0.8241,0.0435,0.1065,0.2338,0.6841,0.2223,-0.2879,0.7969,-0.0143,0.0125,-0.0044
0.7951,0.0099,0.3516,0.8256,0.0438,0.1072,0.2347,0.6905,0.2226,-0.29,0.7899,-0.0144,0.0126,-0.0044
0.794,0.0102,0.3468,0.827,0.0441,0.1079,0.2355,0.6962,0.223,-0.292,0.7835,-0.0145,0.0127,-0.0044
0.7927,0.0105,0.3417,0.8284,0.0444,0.1085,0.2364,0.7023,0.2233,-0.294,0.7768,-0.0146,0.0128,-0.0044
0.7917,0.0108,0.3373,0.8297,0.0447,0.1091,0.2371,0.7076,0.2236,-0.2958,0.771,-0.0147,0.0129,-0.0045
0.7905,0.0111,0.3325,0.831,0.045,0.1097,0.2379,0.7134,0.2239,-0.2977,0.7646,-0.0148,0.013,-0.0045
0.7893,0.0114,0.3276,0.8324,0.0453,0.1103,0.2387,0.7193,0.2242,-0.2997,0.7581,-0.0149,0.013,-0.0045
0.7882,0.0117,0.3228,0.8338,0.0456,0.111,0.2395,0.7251,0.2246,-0.3016,0.7517,-0.015,0.0131,-0.0046
0.7868,0.012,0.3169,0.8355,0.046,0.1117,0.2405,0.7321,0.225,-0.304,0.7439,-0.0151,0.0132,-0.0046
0.7852,0.0124,0.3105,0.8373,0.0463,0.1125,0.2415,0.7398,0.2254,-0.3066,0.7354,-0.0153,0.0133,-0.0046
0.7839,0.0128,0.3048,0.8389,0.0467,0.1133,0.2425,0.7466,0.2258,-0.3088,0.7279,-0.0154,0.0134,-0.0047
0.7827,0.0131,0.3,0.8403,0.047,0.1139,0.2432,0.7523,0.2261,-0.3108,0.7216,-0.0155,0.0135,-0.0047
0.7816,0.0134,0.2952,0.8417,0.0473,0.1145,0.244,0.7581,0.2264,-0.3127,0.7152,-0.0156,0.0136,-0.0047
0.7803,0.0137,0.2902,0.8431,0.0476,0.1152,0.2449,0.7641,0.2268,-0.3147,0.7086,-0.0157,0.0137,-0.0048
0.7792,0.014,0.2855,0.8444,0.0479,0.1158,0.2456,0.7697,0.2271,-0.3166,0.7024,-0.0157,0.0138,-0.0048
0.7779,0.0143,0.2799,0.846,0.0482,0.1165,0.2466,0.7765,0.2274,-0.3189,0.6949,-0.0159,0.0139,-0.0048
0.7763,0.0147,0.2734,0.8478,0.0486,0.1173,0.2477,0.7842,0.2279,-0.3215,0.6863,-0.016,0.014,-0.0049
0.7749,0.0151,0.2675,0.8495,0.049,0.1181,0.2486,0.7914,0.2283,-0.3239,0.6785,-0.0161,0.0141,-0.0049
0.7737,0.0154,0.2624,0.851,0.0493,0.1187,0.2495,0.7975,0.2286,-0.3259,0.6717,-0.0162,0.0142,-0.0049
0.7725,0.0157,0.2574,0.8524,0.0496,0.1194,0.2503,0.8034,0.2289,-0.3279,0.6651,-0.0163,0.0142,-0.005
0.7713,0.016,0.2524,0.8538,0.0499,0.12,0.2511,0.8095,0.2293,-0.3299,0.6585,-0.0164,0.0143,-0.005
0.7702,0.0163,0.2478,0.8551,0.0502,0.1206,0.2519,0.8149,0.2296,-0.3317,0.6525,-0.0165,0.0144,-0.005
0.7689,0.0167,0.2426,0.8566,0.0505,0.1213,0.2528,0.8212,0.2299,-0.3339,0.6455,-0.0166,0.0145,-0.005
0.7675,0.017,0.237,0.8582,0.0509,0.122,0.2537,0.828,0.2303,-0.3361,0.6381,-0.0167,0.0146,-0.0051
0.7664,0.0173,0.2322,0.8596,0.0512,0.1226,0.2545,0.8337,0.2306,-0.338,0.6318,-0.0168,0.0147,-0.0051
0.7653,0.0176,0.2277,0.8608,0.0515,0.1232,0.2552,0.8391,0.2309,-0.3399,0.6257,-0.0169,0.0148,-0.0051
0.7642,0.0179,0.223,0.8622,0.0518,0.1238,0.256,0.8447,0.2312,-0.3417,0.6196,-0.017,0.0148,-0.0052
0.7632,0.0181,0.2191,0.8633,0.052,0.1243,0.2566,0.8494,0.2315,-0.3433,0.6144,-0.0171,0.0149,-0.0052
0.7622,0.0184,0.2148,0.8645,0.0523,0.1249,0.2573,0.8545,0.2318,-0.345,0.6087,-0.0171,0.015,-0.0052
0.7612,0.0186,0.2105,0.8657,0.0525,0.1254,0.2581,0.8598,0.2321,-0.3468,0.6029,-0.0172,0.0151,-0.0052
0.7602,0.0189,0.2066,0.8668,0.0528,0.1259,0.2587,0.8643,0.2323,-0.3483,0.5979,-0.0173,0.0151,-0.0053
0.7592,0.0192,0.2022,0.8681,0.053,0.1265,0.2594,0.8696,0.2326,-0.3501,0.592,-0.0174,0.0152,-0.0053
0.7582,0.0194,0.198,0.8693,0.0533,0.127,0.2601,0.8747,0.2329,-0.3518,0.5864,-0.0175,0.0153,-0.0053
0.7572,0.0197,0.1941,0.8704,0.0535,0.1276,0.2608,0.8794,0.2332,-0.3534,0.5812,-0.0176,0.0153,-0.0053
0.7562,0.0199,0.1897,0.8716,0.0538,0.1281,0.2615,0.8846,0.2335,-0.3551,0.5754,-0.0176,0.0154,-0.0054
0.7553,0.0202,0.186,0.8727,0.054,0.1286,0.2621,0.8891,0.2337,-0.3566,0.5705,-0.0177,0.0155,-0.0054
0.7544,0.0204,0.1824,0.8737,0.0543,0.1291,0.2627,0.8934,0.234,-0.3581,0.5657,-0.0178,0.0155,-0.0054
0.7534,0.0207,0.178,0.875,0.0545,0.1296,0.2634,0.8987,0.2343,-0.3598,0.56,-0.0179,0.0156,-0.0054
0.7524,0.0209,0.1739,0.8761,0.0548,0.1302,0.2641,0.9036,0.2345,-0.3615,0.5545,-0.018,0.0157,-0.0055
0.7514,0.0212,0.1697,0.8773,0.055,0.1307,0.2648,0.9087,0.2348,-0.3632,0.5489,-0.018,0.0158,-0.0055
0.7503,0.0215,0.1651,0.8786,0.0553,0.1313,0.2656,0.9142,0.2351,-0.365,0.5428,-0.0181,0.0158,-0.0055
0.7493,0.0217,0.161,0.8798,0.0556,0.1318,0.2662,0.919,0.2354,-0.3666,0.5375,-0.0182,0.0159,-0.0055
0.7482,0.022,0.1564,0.8811,0.0559,0.1324,0.267,0.9246,0.2357,-0.3685,0.5313,-0.0183,0.016,-0.0056
0.747,0.0223,0.1515,0.8825,0.0562,0.1331,0.2678,0.9305,0.236,-0.3705,0.5248,-0.0184,0.0161,-0.0056
0.7458,0.0226,0.1465,0.8839,0.0565,0.1337,0.2686,0.9365,0.2364,-0.3725,0.5182,-0.0185,0.0161,-0.0056
0.7444,0.023,0.1407,0.8856,0.0568,0.1344,0.2696,0.9434,0.2368,-0.3748,0.5105,-0.0186,0.0162,-0.0057
0.7431,0.0233,0.1353,0.8871,0.0572,0.1351,0.2705,0.9499,0.2371,-0.377,0.5034,-0.0187,0.0163,-0.0057
0.7418,0.0236,0.1298,0.8887,0.0575,0.1359,0.2714,0.9566,0.2375,-0.3792,0.496,-0.0188,0.0164,-0.0057
0.7404,0.024,0.1241,0.8903,0.0579,0.1366,0.2723,0.9633,0.2379,-0.3815,0.4886,-0.0189,0.0165,-0.0058
0.739,0.0244,0.1183,0.8919,0.0582,0.1373,0.2733,0.9703,0.2383,-0.3838,0.4808,-0.019,0.0166,-0.0058
0.7374,0.0248,0.1118,0.8938,0.0586,0.1382,0.2744,0.9781,0.2387,-0.3864,0.4723,-0.0192,0.0167,-0.0058
0.7361,0.0251,0.1061,0.8954,0.059,0.1389,0.2753,0.9849,0.2391,-0.3887,0.4647,-0.0193,0.0168,-0.0059
0.7347,0.0255,0.1005,0.897,0.0593,0.1396,0.2762,0.9916,0.2394,-0.391,0.4573,-0.0194,0.0169,-0.0059
0.7334,0.0258,0.0948,0.8986,0.0597,0.1404,0.2772,0.9984,0.2398,-0.3933,0.4498,-0.0195,0.017,-0.006
0.7321,0.0261,0.0896,0.9001,0.06,0.141,0.2781,1.0047,0.2402,-0.3954,0.4428,-0.0196,0.0171,-0.006
0.7308,0.0265,0.084,0.9017,0.0603,0.1418,0.279,1.0114,0.2405,-0.3976,0.4355,-0.0197,0.0172,-0.006
0.7296,0.0268,0.0792,0.9031,0.0606,0.1424,0.2798,1.0171,0.2409,-0.3995,0.4291,-0.0198,0.0173,-0.006
0.7285,0.0271,0.0746,0.9044,0.0609,0.143,0.2805,1.0227,0.2412,-0.4014,0.423,-0.0199,0.0174,-0.0061
0.7274,0.0274,0.0699,0.9057,0.0612,0.1436,0.2813,1.0283,0.2415,-0.4033,0.4167,-0.02,0.0175,-0.0061
0.7264,0.0276,0.0659,0.9068,0.0615,0.1441,0.282,1.0331,0.2418,-0.4049,0.4115,-0.0201,0.0175,-0.0061
0.7254,0.0279,0.0616,0.9081,0.0617,0.1446,0.2827,1.0383,0.242,-0.4066,0.4057,-0.0202,0.0176,-0.0062
0.7244,0.0281,0.0574,0.9093,0.062,0.1452,0.2834,1.0433,0.2423,-0.4083,0.4002,-0.0203,0.0177,-0.0062
0.7235,0.0284,0.0539,0.9103,0.0622,0.1456,0.284,1.0475,0.2426,-0.4097,0.3956,-0.0203,0.0177,-0.0062
0.7225,0.0286,0.0498,0.9114,0.0625,0.1462,0.2846,1.0524,0.2428,-0.4114,0.3901,-0.0204,0.0178,-0.0062
0.7216,0.0288,0.046,0.9125,0.0627,0.1467,0.2853,1.057,0.2431,-0.4129,0.3851,-0.0205,0.0179,-0.0062
0.7208,0.029,0.0428,0.9134,0.0629,0.1471,0.2858,1.0609,0.2433,-0.4142,0.3808,-0.0205,0.0179,-0.0063
0.7199,0.0293,0.0389,0.9145,0.0631,0.1476,0.2864,1.0655,0.2436,-0.4157,0.3757,-0.0206,0.018,-0.0063
0.7189,0.0295,0.0348,0.9157,0.0634,0.1481,0.2871,1.0705,0.2438,-0.4174,0.3702,-0.0207,0.0181,-0.0063
0.718,0.0298,0.0311,0.9168,0.0636,0.1486,0.2877,1.0749,0.2441,-0.4189,0.3653,-0.0208,0.0181,-0.0063
0.717,0.03,0.0268,0.918,0.0639,0.1491,0.2884,1.0801,0.2444,-0.4206,0.3596,-0.0209,0.0182,-0.0064
0.7159,0.0303,0.0224,0.9192,0.0642,0.1497,0.2892,1.0853,0.2447,-0.4224,0.3538,-0.0209,0.0183,-0.0064
0.7149,0.0306,0.0183,0.9204,0.0644,0.1502,0.2898,1.0903,0.2449,-0.424,0.3484,-0.021,0.0183,-0.0064
0.7137,0.0309,0.0132,0.9218,0.0647,0.1509,0.2907,1.0963,0.2453,-0.4261,0.3417,-0.0211,0.0184,-0.0064
0.7125,0.0312,0.008,0.9233,0.065,0.1516,0.2915,1.1025,0.2456,-0.4282,0.3348,-0.0212,0.0185,-0.0065
0.7112,0.0315,0.0027,0.9248,0.0654,0.1522,0.2924,1.109,0.246,-0.4303,0.3277,-0.0213,0.0186,-0.0065
0.7098,0.0319,-0.0031,0.9265,0.0657,0.153,0.2934,1.1159,0.2464,-0.4326,0.3201,-0.0214,0.0187,-0.0065
0.7086,0.0322,-0.0082,0.9279,0.066,0.1537,0.2942,1.122,0.2467,-0.4347,0.3133,-0.0215,0.0188,-0.0066
0.7073,0.0325,-0.0136,0.9294,0.0664,0.1543,0.2951,1.1285,0.2471,-0.4369,0.3062,-0.0217,0.0189,-0.0066
0.7059,0.0329,-0.0192,0.931,0.0667,0.1551,0.296,1.1351,0.2474,-0.4391,0.2988,-0.0218,0.019,-0.0066
0.7047,0.0332,-0.0242,0.9325,0.067,0.1557,0.2969,1.1411,0.2478,-0.4411,0.2922,-0.0219,0.0191,-0.0067
0.7035,0.0335,-0.0294,0.9339,0.0674,0.1564,0.2977,1.1474,0.2481,-0.4432,0.2852,-0.022,0.0192,-0.0067
0.7021,0.0339,-0.0349,0.9355,0.0677,0.1571,0.2986,1.1541,0.2485,-0.4454,0.2779,-0.0221,0.0193,-0.0067
0.7009,0.0342,-0.0401,0.937,0.068,0.1578,0.2995,1.1602,0.2488,-0.4475,0.2711,-0.0222,0.0193,-0.0068
0.6996,0.0345,-0.0456,0.9386,0.0684,0.1585,0.3004,1.1669,0.2492,-0.4497,0.2637,-0.0223,0.0194,-0.0068
0.6982,0.0349,-0.0511,0.9401,0.0687,0.1592,0.3013,1.1735,0.2496,-0.4519,0.2565,-0.0224,0.0195,-0.0068
0.697,0.0352,-0.0563,0.9416,0.069,0.1599,0.3022,1.1797,0.2499,-0.454,0.2496,-0.0225,0.0196,-0.0069
0.6956,0.0355,-0.0621,0.9432,0.0694,0.1606,0.3031,1.1867,0.2503,-0.4564,0.2419,-0.0226,0.0197,-0.0069
0.6941,0.0359,-0.0683,0.945,0.0698,0.1614,0.3042,1.1941,0.2507,-0.4589,0.2337,-0.0227,0.0198,-0.0069
